     0/999    0.367G    0.1248   0.02796    0.0907    0.3229    0.5663        49       416         0         0 1.104e-06 1.714e-07    0.1091   0.03408   0.08739
     1/999     5.06G    0.1182    0.0254   0.08903    0.3031    0.5357        57       416         0         0 4.543e-07 7.408e-08    0.1052    0.0326   0.08658
     2/999     5.06G    0.1147   0.02437   0.08795    0.2822    0.5092        53       416         0         0 5.013e-07 7.295e-08    0.1042   0.03186   0.08577
     3/999     5.06G    0.1128   0.02418   0.08622    0.2547     0.478        62       416         0         0 2.497e-07 5.875e-08    0.1045   0.03139   0.08508
     4/999     5.06G    0.1118    0.0242   0.08523    0.2183    0.4396        49       416         0         0 2.873e-07 6.181e-08    0.1048   0.03101   0.08451
     5/999     5.06G      0.11   0.02459    0.0836    0.1956    0.4138        67       416         0         0 3.201e-07 5.754e-08    0.1041   0.03099   0.08385
     6/999     5.06G    0.1077   0.02513   0.08279    0.1703    0.3859        49       416         0         0 3.978e-07 6.108e-08    0.1044   0.03075   0.08321
     7/999     5.06G    0.1054   0.02568   0.08223    0.1449    0.3582        58       416         0         0 4.507e-07 8.868e-08    0.1037    0.0308   0.08272
     8/999     5.06G    0.1009   0.02558   0.08128    0.1228    0.3305        60       416         0         0 1.269e-06 2.195e-07    0.1018   0.03092    0.0822
     9/999     5.06G   0.09653   0.02674   0.07973    0.1025    0.3055        44       416         0         0  5.04e-06 6.746e-07   0.09868   0.03138   0.08157
    10/999     5.06G    0.0931   0.02681   0.07879   0.08934     0.288        58       416         0         0 4.756e-06 9.709e-07   0.09307   0.03227   0.08069
    11/999     5.06G   0.08926   0.02781   0.07796   0.07878    0.2738        46       416         0         0 1.705e-05 3.296e-06   0.08693   0.03259   0.08016
    12/999     5.06G   0.08526   0.02848   0.07731   0.06728    0.2583        58       416 2.228e-05  0.001015  0.001782 0.0004103   0.08378   0.03152    0.0798
    13/999     5.06G    0.0859   0.02846   0.07595   0.06174    0.2521        63       416 6.259e-05  0.003551  0.002666 0.0004893   0.08573   0.02974   0.07941
    14/999     5.06G    0.0819    0.0269    0.0755   0.06131    0.2456        47       416 8.182e-05  0.005074  0.003312 0.0007063   0.08176   0.02962   0.07932
    15/999     5.06G   0.08229   0.02619   0.07549   0.05699     0.241        43       416 5.508e-05  0.005074  0.001478 0.0002683   0.09332   0.02697   0.07869
    16/999     5.06G   0.08188   0.02662   0.07458   0.05662    0.2397        50       416    0.0426    0.0141   0.01185  0.003281   0.08683   0.02751   0.07792
    17/999     5.06G    0.0778    0.0249   0.07446   0.05704    0.2342        46       416   0.05209   0.01748   0.01053  0.003384   0.07567   0.02837   0.07747
    18/999     5.06G   0.07632   0.02514   0.07456   0.05467    0.2307        61       416   0.01696   0.01547   0.01315  0.003089   0.07335   0.02802   0.07693
    19/999     5.06G    0.0781   0.02398    0.0737   0.05516    0.2309        57       416 0.0001443   0.01522   0.01608  0.004141   0.06843   0.02823   0.07656
    20/999     5.06G   0.07606   0.02387   0.07341   0.05402    0.2274        69       416   0.01105   0.01461   0.01447  0.003205   0.07116   0.02659   0.07645
    21/999     5.06G   0.07527   0.02298    0.0726   0.05473    0.2256        51       416   0.07834   0.02846   0.02695  0.008308   0.06449   0.02635     0.076
    22/999     5.06G   0.07413     0.021   0.07262   0.05364    0.2214        45       416   0.05484   0.02757   0.02029  0.004646   0.07166   0.02483   0.07599
    23/999     5.06G    0.0731   0.02148   0.07222   0.05126    0.2181        42       416   0.02123   0.01725   0.01147  0.002714   0.07612    0.0236   0.07572
    24/999     5.06G   0.07252   0.02033    0.0719   0.05563    0.2204        49       416   0.05461   0.03964   0.02124  0.004948   0.07344   0.02376   0.07548
    25/999     5.06G   0.07293   0.02029   0.07186   0.05284    0.2179        46       416   0.06427   0.03443   0.01766  0.004711   0.07798   0.02253     0.075
    26/999     5.06G   0.07353   0.02052   0.07178   0.05196    0.2178        60       416   0.09555   0.03784   0.02125  0.005173   0.06652   0.02427   0.07508
    27/999     5.06G   0.06992   0.02032   0.07053   0.05131    0.2121        52       416    0.1102   0.06916   0.03352    0.0104   0.07174   0.02364   0.07488
    28/999     5.06G   0.06932   0.02043   0.07132   0.05129    0.2124        65       416   0.06839   0.07554   0.02954  0.007754   0.07579    0.0232   0.07475
    29/999     5.06G   0.07321   0.01938   0.07029   0.04919    0.2121        57       416   0.01717   0.07445    0.0178  0.004257   0.07669   0.02448   0.07453
    30/999     5.06G   0.07194   0.01984   0.07131   0.04694      0.21        55       416   0.06854   0.08661   0.02964  0.009155   0.06728   0.02533   0.07418
    31/999     5.06G   0.06777   0.01894   0.07199   0.04994    0.2086        54       416   0.04508   0.09205    0.0391   0.01229   0.05771   0.02519   0.07398
    32/999     5.06G    0.0685   0.01837    0.0714   0.05014    0.2084        61       416   0.01239   0.07093   0.01742  0.005005   0.06373   0.02589   0.07395
    33/999     5.06G   0.06795   0.01964   0.06963   0.04854    0.2057        51       416   0.05823   0.08444   0.02528  0.006574   0.06708   0.02547    0.0737
    34/999     5.06G   0.06812   0.01907   0.07005   0.04868    0.2059        63       416   0.01451   0.06526   0.01782  0.004065   0.07225   0.02517   0.07352
    35/999     5.06G   0.06615    0.0184   0.06998   0.04817    0.2027        51       416   0.02285    0.1087   0.03386  0.009307   0.05644   0.02476   0.07347
    36/999     5.06G   0.06529    0.0196    0.0697   0.04784    0.2024        67       416    0.0263    0.1093   0.03249   0.01073   0.07107   0.02353   0.07337
    37/999     5.06G   0.06544   0.01852   0.06736   0.05001    0.2013        56       416   0.02517   0.08987   0.02517  0.006347   0.06154   0.02298   0.07327
    38/999     5.06G   0.06443   0.01859   0.06862   0.04782    0.1995        44       416   0.02354   0.08844   0.03178    0.0106   0.05796   0.02251   0.07313
    39/999     5.06G   0.06228   0.01879    0.0693   0.04879    0.1992        51       416   0.03055    0.1306   0.03881   0.01078   0.05973   0.02274   0.07299
    40/999     5.06G   0.06586   0.01746   0.06984   0.04842    0.2016        61       416   0.02468   0.05022   0.02241  0.004573   0.06949   0.02078   0.07307
    41/999     5.06G   0.06426   0.01911   0.06921   0.04851    0.2011        57       416   0.01041   0.06552   0.01706   0.00372   0.07093    0.0219   0.07256
    42/999     5.06G   0.06416   0.01924   0.06809   0.04743    0.1989        47       416   0.01324   0.06122   0.01958  0.004521   0.06774   0.02217   0.07244
    43/999     5.06G    0.0652   0.01844   0.06845   0.04726    0.1994        64       416   0.02733    0.1473   0.03255  0.008663   0.06078   0.02688   0.07225
    44/999     5.06G   0.06142   0.01841   0.06923   0.04617    0.1952        52       416   0.02733    0.1377   0.03558   0.00872   0.05756   0.02513   0.07211
    45/999     5.06G   0.06117    0.0183   0.06874   0.04673    0.1949        56       416   0.01585   0.07158   0.02059   0.00396   0.06412   0.02221     0.072
    46/999     5.06G    0.0608   0.01779   0.06602   0.04645    0.1911        61       416   0.03067    0.1065   0.03886    0.0111   0.05863   0.02164   0.07181
    47/999     5.06G   0.05855   0.01755   0.06707   0.04449    0.1877        43       416   0.06944    0.1268   0.04894   0.01425   0.05548   0.02115   0.07161
    48/999     5.06G   0.05759    0.0178   0.06742   0.04745    0.1903        47       416    0.0379   0.06922   0.03471  0.008183   0.06319   0.01931   0.07152
    49/999     5.06G   0.05893   0.01721   0.06734   0.04632    0.1898        47       416   0.03731    0.1267   0.03959   0.01161   0.05661   0.02075   0.07131
    50/999     5.06G   0.05987   0.01703   0.06641   0.04663    0.1899        50       416   0.07853   0.07828   0.03944   0.01251    0.0558   0.02011   0.07128
    51/999     5.06G   0.05993   0.01708   0.06603   0.04374    0.1868        57       416   0.01932   0.06944   0.01625   0.00414   0.07296   0.02034   0.07092
    52/999     5.06G   0.05974   0.01722   0.06659   0.04472    0.1883        51       416   0.07532    0.1028   0.04946   0.01818   0.05636   0.02152   0.07062
    53/999     5.06G     0.062   0.01693   0.06629   0.04218    0.1874        53       416   0.07543    0.1258    0.0549   0.01881   0.05655   0.02042   0.07041
    54/999     5.06G    0.0586   0.01698   0.06669   0.04328    0.1855        53       416    0.0384    0.1565   0.05805   0.02045   0.05209   0.02294   0.07002
    55/999     5.06G    0.0572   0.01675   0.06658   0.04193    0.1825        52       416   0.06918    0.1432   0.05141   0.01347   0.05968   0.02335   0.07024
    56/999     5.06G   0.05809   0.01633   0.06504   0.03911    0.1786        46       416   0.07624    0.1719   0.07148      0.03   0.04927   0.02181   0.07036
    57/999     5.06G   0.05374   0.01686   0.06546   0.03983    0.1759        62       416   0.03254    0.1281    0.0653   0.01806    0.0587   0.01946   0.06991
    58/999     5.06G   0.05664   0.01611   0.06418   0.03768    0.1746        61       416   0.08268    0.1027   0.05878   0.01706    0.0627   0.01787   0.06961
    59/999     5.06G   0.05655   0.01637   0.06397   0.03785    0.1747        64       416   0.08131    0.1199   0.07487   0.03189   0.04667   0.01878   0.06938
    60/999     5.06G   0.05436   0.01612   0.06434   0.03683    0.1717        37       416   0.04133    0.2054   0.07261   0.02639   0.04653   0.02368    0.0691
    61/999     5.06G   0.05553   0.01617    0.0636   0.03635    0.1717        49       416    0.0305    0.1512   0.04837   0.01601   0.05083   0.02231    0.0691
    62/999     5.06G   0.05563   0.01668   0.06435   0.03563    0.1723        53       416   0.02883    0.1508   0.05336   0.01256   0.05975   0.02032   0.06893
    63/999     5.06G   0.05458   0.01611   0.06526   0.03529    0.1712        62       416   0.08019    0.1499   0.07738   0.02213   0.05406   0.01899   0.06828
    64/999     5.06G   0.05583   0.01655   0.06353   0.03394    0.1699        62       416   0.02556    0.1607   0.05429   0.01914   0.05872    0.0201   0.06821
    65/999     5.06G   0.05564   0.01697   0.06277   0.03411    0.1695        50       416   0.02501    0.1038   0.06183   0.01648   0.06253   0.01803   0.06828
    66/999     5.06G   0.05485    0.0161   0.06351   0.03171    0.1662        61       416   0.04426    0.1668   0.08536   0.02407   0.05233    0.0199   0.06773
    67/999     5.06G   0.05304   0.01578   0.06198   0.03126    0.1621        45       416   0.08961    0.1609    0.1022   0.03133   0.05227   0.01955   0.06724
    68/999     5.06G   0.05251    0.0154   0.06233     0.031    0.1612        57       416   0.09695    0.1594    0.1087   0.03577   0.05009   0.01805   0.06698
    69/999     5.06G   0.05026   0.01607   0.06311   0.03119    0.1606        75       416   0.08494    0.1797    0.1058   0.04041   0.04441   0.01899   0.06672
    70/999     5.06G   0.05226   0.01556   0.06189   0.03028      0.16        55       416   0.07191    0.1625   0.09049   0.03301   0.04983   0.01821   0.06673
    71/999     5.06G   0.05183   0.01606   0.06242   0.03163    0.1619        63       416   0.08312     0.117   0.08603   0.02955   0.05242   0.01689    0.0671
    72/999     5.06G   0.05131   0.01542   0.06139   0.03038    0.1585        52       416   0.07532    0.1257   0.09946   0.03862   0.04911   0.01853   0.06617
    73/999     5.06G    0.0506   0.01562   0.06048   0.02927     0.156        52       416    0.0502     0.156    0.1095   0.03758   0.05029   0.01707   0.06568
    74/999     5.06G   0.05195    0.0157   0.06036   0.02866    0.1567        58       416   0.08526     0.154    0.1067   0.03899   0.04887    0.0182   0.06562
    75/999     5.06G   0.05361   0.01525   0.06124   0.02793     0.158        49       416   0.05037    0.1798     0.107    0.0381   0.04856    0.0179   0.06594
    76/999     5.06G   0.05047   0.01596   0.06067   0.02813    0.1552        60       416   0.04212    0.1805    0.1155   0.05371   0.04437   0.01932   0.06618
    77/999     5.06G   0.04968   0.01465   0.06107   0.02784    0.1532        54       416   0.04217    0.1804   0.09103   0.03255   0.05163   0.01927   0.06522
    78/999     5.06G   0.05137   0.01435   0.06016    0.0268    0.1527        47       416   0.08482    0.1661      0.13   0.05103   0.04502     0.017   0.06472
    79/999     5.06G    0.0497   0.01499   0.05996   0.02623    0.1509        59       416     0.095    0.2125    0.1259   0.04989   0.04422   0.01861   0.06429
    80/999     5.06G   0.05106    0.0143   0.05844   0.02579    0.1496        52       416   0.07861    0.1872    0.1213   0.04446   0.04655   0.01755   0.06425
    81/999     5.06G   0.04886   0.01528   0.05877   0.02596    0.1489        49       416    0.1143    0.1783    0.1256   0.04993   0.05169   0.01634   0.06431
    82/999     5.06G   0.04806    0.0143   0.05863   0.02602     0.147        42       416   0.09412    0.1513    0.1144   0.03728   0.05354   0.01608   0.06443
    83/999     5.06G   0.04979   0.01511   0.05847   0.02535    0.1487        62       416   0.06496    0.1714    0.1064   0.03102   0.05429   0.01818   0.06423
    84/999     5.06G   0.04928   0.01499   0.05914   0.02564     0.149        54       416   0.07829    0.1798    0.1022   0.03161   0.05207   0.01759    0.0641
    85/999     5.06G   0.04797   0.01429     0.059   0.02397    0.1452        61       416   0.07365    0.1669     0.118   0.03744   0.05529   0.01669   0.06356
    86/999     5.06G   0.04886   0.01422   0.05749   0.02311    0.1437        53       416   0.08145    0.1797    0.1379   0.04548   0.05186   0.01747   0.06279
    87/999     5.06G   0.04602   0.01445   0.05782   0.02394    0.1422        48       416   0.08497    0.1825    0.1484   0.06125   0.04251   0.01694   0.06307
    88/999     5.06G   0.04747   0.01348   0.05726    0.0233    0.1415        46       416    0.1264     0.194    0.1491   0.07112   0.04005   0.01736    0.0627
    89/999     5.06G   0.04545   0.01412   0.05823   0.02336    0.1412        52       416   0.09328    0.2271    0.1518   0.06684   0.04383   0.01694   0.06208
    90/999     5.06G    0.0465   0.01451   0.05631   0.02298    0.1403        43       416    0.1041    0.2034    0.1441   0.06384   0.04423    0.0168   0.06224
    91/999     5.06G   0.04442   0.01405   0.05702   0.02349     0.139        54       416    0.0815    0.2267    0.1453   0.07072   0.03923   0.01841   0.06186
    92/999     5.06G    0.0446   0.01432   0.05654   0.02345    0.1389        49       416    0.0992    0.2095     0.146   0.05494   0.04496   0.01635    0.0615
    93/999     5.06G   0.04955   0.01429   0.05574   0.02226    0.1418        51       416   0.07822    0.2082    0.1205   0.04264   0.05116   0.01638   0.06145
    94/999     5.06G   0.04295   0.01431    0.0573   0.02282    0.1374        47       416    0.0951     0.273    0.1556   0.05494    0.0443   0.01757   0.06128
    95/999     5.06G   0.04426   0.01434   0.05616   0.02311    0.1379        52       416    0.1267    0.2447    0.1626   0.06672   0.04259    0.0163   0.06065
    96/999     5.06G   0.04261   0.01398   0.05479   0.02166     0.133        55       416    0.1195    0.2574     0.193    0.0837   0.04298   0.01546   0.05999
    97/999     5.06G   0.04648   0.01392   0.05571   0.02169    0.1378        58       416     0.123    0.2708    0.1749   0.05505   0.05078   0.01631   0.05978
    98/999     5.06G   0.04543    0.0139   0.05518   0.02201    0.1365        57       416   0.09885    0.2668    0.1742   0.07651   0.04719   0.01589     0.059
    99/999     5.06G    0.0437   0.01368   0.05441   0.02193    0.1337        44       416    0.1136    0.3135    0.2019   0.09476   0.03863   0.01656   0.05954
   100/999     5.06G   0.04281   0.01358    0.0529    0.0218    0.1311        48       416     0.109    0.2576    0.1726    0.0752   0.04259   0.01629   0.05984
   101/999     5.06G   0.04092   0.01343   0.05175   0.02075    0.1268        50       416    0.1128    0.2872    0.1912   0.09619   0.03841   0.01616    0.0592
   102/999     5.06G   0.04488   0.01408   0.05362   0.02044     0.133        56       416    0.1151    0.3078    0.2054   0.09557   0.03902   0.01669   0.05833
   103/999     5.06G   0.04412   0.01336   0.05266   0.02001    0.1302        59       416    0.1248    0.2874    0.1944   0.08546   0.04481   0.01562   0.05723
   104/999     5.06G   0.04318   0.01395   0.05133   0.02061    0.1291        66       416    0.1597    0.3094    0.2011   0.08317    0.0389   0.01621   0.05811
   105/999     5.06G   0.04351   0.01257   0.05082   0.01918    0.1261        56       416    0.1571    0.2949     0.209    0.1014   0.03896   0.01604   0.05722
   106/999     5.06G   0.04238    0.0135   0.05133   0.02099    0.1282        48       416    0.1117      0.26    0.1951   0.08066   0.04516   0.01563   0.05743
   107/999     5.06G   0.04393   0.01392   0.05087    0.0194    0.1281        55       416     0.114     0.288    0.1946   0.06956   0.04832   0.01613   0.05616
   108/999     5.06G   0.04247   0.01284   0.05023   0.02056    0.1261        48       416     0.136    0.3299    0.2294    0.1119   0.03763   0.01688   0.05574
   109/999     5.06G    0.0413   0.01322   0.05011   0.02007    0.1247        55       416    0.1407     0.343     0.218    0.1039   0.03914   0.01639   0.05597
   110/999     5.06G   0.04312   0.01378   0.04893   0.02047    0.1263        51       416   0.09173    0.3411    0.2111   0.09589   0.04176   0.01603   0.05563
   111/999     5.06G   0.04188   0.01263   0.04963    0.0206    0.1247        48       416    0.1262    0.3276    0.2375   0.09208   0.04234   0.01623   0.05494
   112/999     5.06G   0.04395    0.0134   0.04934   0.02048    0.1272        50       416    0.1187    0.2969    0.1885   0.06103   0.05279   0.01637   0.05371
   113/999     5.06G   0.04292   0.01326   0.04811    0.0208    0.1251        50       416   0.07827    0.3377    0.2184   0.09655   0.04381    0.0168   0.05313
   114/999     5.06G   0.04117   0.01314   0.04716   0.02025    0.1217        56       416   0.08779    0.3473    0.2219   0.09976   0.04388   0.01626   0.05244
   115/999     5.06G   0.04102   0.01345   0.04645   0.01953    0.1205        49       416   0.09364    0.3678      0.25    0.1197   0.03955    0.0163   0.05192
   116/999     5.06G   0.04015   0.01352   0.04578   0.01911    0.1186        53       416    0.1298    0.4058    0.2508    0.1335    0.0377   0.01692   0.05135
   117/999     5.06G   0.04119   0.01316    0.0446   0.01912    0.1181        57       416   0.09658    0.3782    0.2377    0.1128    0.0409   0.01588   0.05196
   118/999     5.06G   0.03742   0.01346    0.0471   0.01888    0.1168        55       416    0.1062    0.3997    0.2456    0.1112   0.03897   0.01582   0.05123
   119/999     5.06G   0.04063   0.01336   0.04467   0.01797    0.1166        50       416    0.1085    0.3981    0.2541    0.1155   0.04237   0.01701   0.05015
   120/999     5.06G   0.04294   0.01258   0.04412    0.0182    0.1178        48       416   0.09859    0.3807     0.251    0.1137   0.04143   0.01541   0.05008
   121/999     5.06G   0.04031   0.01271   0.04317   0.01711    0.1133        56       416    0.1197    0.4235    0.2809    0.1202   0.04342   0.01569   0.04866
   122/999     5.06G   0.03996   0.01296   0.04284   0.01755    0.1133        54       416    0.1251    0.4286    0.2957    0.1375   0.03816   0.01549   0.04812
   123/999     5.06G   0.04004   0.01287     0.042   0.01646    0.1114        58       416     0.134    0.4079    0.2899    0.1237   0.03871   0.01461   0.04672
   124/999     5.06G   0.04111     0.013   0.04228   0.01677    0.1132        56       416     0.128    0.3931    0.2695    0.1129   0.04297   0.01459   0.04666
   125/999     5.06G   0.03923   0.01274   0.04078   0.01626     0.109        47       416    0.1353    0.4337    0.2907    0.1418   0.03656   0.01422   0.04597
   126/999     5.06G   0.03894   0.01244   0.04092   0.01649    0.1088        59       416    0.1975    0.4699    0.3244    0.1563   0.03829   0.01487   0.04605
   127/999     5.06G   0.03951   0.01257   0.04138   0.01647    0.1099        50       416     0.167    0.4424    0.2967    0.1347   0.03868    0.0149   0.04574
   128/999     5.06G   0.03724   0.01256   0.04036   0.01721    0.1074        57       416    0.1534    0.4762    0.3196    0.1661   0.03455   0.01443   0.04495
   129/999     5.06G   0.03834   0.01246   0.03827    0.0174    0.1065        46       416    0.1555    0.4563    0.3226    0.1581   0.03531   0.01457   0.04433
   130/999     5.06G   0.04022   0.01234   0.04007   0.01677    0.1094        44       416    0.1594     0.462     0.311    0.1336   0.03867   0.01462   0.04524
   131/999     5.06G   0.03979   0.01301   0.03864   0.01634    0.1078        54       416    0.1711    0.4715    0.3208     0.144   0.03948   0.01466   0.04449
   132/999     5.06G   0.03879   0.01237   0.03809   0.01722    0.1065        47       416    0.1623    0.4759    0.3273    0.1576   0.03635   0.01441   0.04496
   133/999     5.06G   0.03789   0.01219     0.037    0.0164    0.1035        54       416    0.1457    0.4752    0.3341    0.1544   0.03633   0.01486   0.04511
   134/999     5.06G   0.03747   0.01253   0.03841    0.0164    0.1048        59       416    0.1837     0.506    0.3603    0.1867   0.03567   0.01458   0.04361
   135/999     5.06G   0.03784   0.01256   0.03623   0.01616    0.1028        55       416     0.211    0.4823     0.322    0.1571   0.03708   0.01418    0.0433
   136/999     5.06G     0.039   0.01197   0.03679   0.01628     0.104        45       416    0.1894    0.4804    0.3366    0.1813   0.03408   0.01377   0.04402
   137/999     5.06G   0.03815   0.01252   0.03574   0.01524    0.1016        51       416     0.163     0.481    0.3317    0.1529   0.03761   0.01418   0.04283
   138/999     5.06G   0.03657   0.01176   0.03564   0.01492   0.09889        53       416    0.1853     0.508    0.3713    0.2122   0.03385   0.01365   0.04226
   139/999     5.06G   0.03583   0.01232   0.03407   0.01578     0.098        52       416    0.1842    0.4956    0.3641    0.1836   0.03602   0.01408   0.04193
   140/999     5.06G   0.03689   0.01193   0.03397   0.01559   0.09839        49       416    0.1723    0.4825    0.3614    0.1835    0.0383   0.01453   0.04193
   141/999     5.06G   0.03954     0.012   0.03427   0.01534    0.1012        55       416    0.2243    0.4709    0.3879    0.2038   0.03726   0.01468   0.04159
   142/999     5.06G   0.03835   0.01208   0.03355   0.01521   0.09919        50       416    0.2318    0.5004    0.3716    0.1615   0.04208   0.01439   0.04105
   143/999     5.06G   0.03854    0.0126   0.03406    0.0154    0.1006        64       416    0.1508    0.5029     0.323    0.1555   0.03773   0.01415   0.04134
   144/999     5.06G   0.03665   0.01212   0.03268   0.01424   0.09569        63       416    0.2323    0.5751    0.4058    0.2256   0.03438   0.01429    0.0406
   145/999     5.06G   0.03539   0.01245   0.03187    0.0149   0.09461        59       416    0.1682    0.5272    0.3981    0.1961    0.0372   0.01461    0.0401
   146/999     5.06G   0.03864   0.01247   0.03207   0.01531   0.09848        67       416    0.1919    0.5225    0.4034    0.1987   0.03636   0.01381     0.039
   147/999     5.06G   0.03743   0.01201   0.03272   0.01566   0.09781        48       416    0.2109    0.5292    0.4286    0.2172   0.03478   0.01383     0.039
   148/999     5.06G   0.03792   0.01232   0.03119   0.01452   0.09594        49       416    0.2002    0.5499    0.4221    0.1981   0.03666   0.01409   0.03906
   149/999     5.06G   0.03825   0.01145    0.0308   0.01509   0.09559        42       416    0.1708    0.5175    0.4132    0.2027   0.03425   0.01371   0.03837
   150/999     5.06G   0.03631   0.01231   0.03078   0.01492   0.09432        61       416    0.2148    0.5475    0.4287    0.2421   0.03314   0.01368    0.0382
   151/999     5.06G   0.03594   0.01185   0.03085   0.01431   0.09296        49       416    0.1916    0.5906    0.4266    0.2152    0.0364   0.01368   0.03816
   152/999     5.06G   0.03883   0.01216   0.03035   0.01455   0.09589        57       416    0.1798    0.5757    0.4431    0.2459   0.03353   0.01387   0.03758
   153/999     5.06G   0.03923   0.01184   0.03062   0.01493   0.09661        64       416    0.1831    0.5626    0.4279    0.1966   0.03957   0.01463   0.03773
   154/999     5.06G   0.03539   0.01173   0.03045   0.01446   0.09202        48       416    0.2025    0.5781    0.4417    0.2125   0.03579   0.01412   0.03726
   155/999     5.06G   0.03484   0.01174   0.02957   0.01355   0.08969        51       416     0.214    0.5744    0.4358    0.2303   0.03515   0.01421   0.03735
   156/999     5.06G   0.03722   0.01151   0.02984   0.01392   0.09249        48       416    0.2213    0.6015    0.4691    0.2413   0.03425    0.0136   0.03587
   157/999     5.06G   0.03604   0.01191   0.02957   0.01487   0.09238        52       416     0.216    0.5854     0.454    0.2452    0.0323   0.01318   0.03602
   158/999     5.06G    0.0353   0.01196   0.02862   0.01393   0.08981        59       416    0.1932    0.6029    0.4594    0.2409   0.03273   0.01337   0.03542
   159/999     5.06G   0.03529   0.01168   0.02804   0.01351   0.08852        41       416    0.2535    0.5939    0.4856     0.237   0.03397   0.01372   0.03547
   160/999     5.06G   0.03545   0.01219   0.02883   0.01323   0.08971        54       416    0.2656    0.5519    0.4785    0.2488    0.0324   0.01329   0.03524
   161/999     5.06G   0.03924   0.01139   0.02654   0.01397   0.09114        56       416    0.2615    0.5989    0.4802    0.2464   0.03373   0.01353   0.03517
   162/999     5.06G   0.03496   0.01164   0.02767   0.01431   0.08858        63       416    0.2378    0.5995    0.4725    0.2469   0.03214   0.01322   0.03523
   163/999     5.06G   0.03629   0.01217   0.02757   0.01437    0.0904        56       416    0.2562    0.6033    0.4821    0.2539   0.03284   0.01361   0.03483
   164/999     5.06G   0.03466   0.01172   0.02575   0.01354   0.08568        59       416    0.2343     0.611    0.4817    0.2488   0.03374   0.01349   0.03394
   165/999     5.06G    0.0366    0.0116   0.02919   0.01458   0.09198        47       416    0.2408    0.6099    0.4778    0.2283   0.03542   0.01364   0.03461
   166/999     5.06G   0.03732   0.01239   0.02663    0.0138   0.09013        59       416    0.2322    0.5956    0.4757    0.2512   0.03351   0.01354   0.03419
   167/999     5.06G   0.03523   0.01167   0.02585   0.01424   0.08699        54       416    0.2261    0.5852    0.4699    0.2382   0.03491     0.014   0.03488
   168/999     5.06G   0.03541   0.01205   0.02678   0.01393   0.08817        70       416    0.2169    0.5815    0.4568     0.223   0.03457   0.01364   0.03248
   169/999     5.06G   0.03693   0.01181   0.02599   0.01414   0.08888        52       416    0.2279    0.5736    0.4507    0.2235   0.03363   0.01365   0.03352
   170/999     5.06G   0.03475   0.01165   0.02647   0.01424   0.08711        48       416    0.2192    0.6131    0.4636    0.2357   0.03281   0.01339   0.03278
   171/999     5.06G   0.03644    0.0117    0.0247   0.01426    0.0871        44       416    0.2128    0.5968    0.4576    0.2295   0.03487    0.0136   0.03291
   172/999     5.06G   0.03493   0.01144   0.02627   0.01364   0.08627        53       416     0.186    0.6374    0.4488    0.2387   0.03483   0.01377   0.03243
   173/999     5.06G   0.03777   0.01132   0.02441   0.01398   0.08748        43       416    0.2324    0.6791    0.4839    0.2585   0.03249   0.01342   0.03312
   174/999     5.06G   0.03537   0.01164   0.02468   0.01365   0.08534        54       416    0.2407    0.6231    0.4896    0.2708   0.03074   0.01344   0.03256
   175/999     5.06G   0.03687   0.01203   0.02386    0.0134   0.08617        60       416    0.2484    0.6498    0.4814    0.2583   0.03565   0.01336   0.03238
   176/999     5.06G   0.03564   0.01177   0.02259   0.01305   0.08305        69       416    0.2379    0.6553    0.4957    0.2588   0.03477   0.01349   0.03176
   177/999     5.06G   0.03616    0.0115   0.02356   0.01343   0.08466        61       416    0.2602    0.6317    0.5132    0.2886   0.03239   0.01322   0.03113
   178/999     5.06G   0.03351   0.01113   0.02269    0.0129   0.08024        51       416    0.2648    0.6387      0.51    0.3014   0.03068     0.013   0.03059
   179/999     5.06G   0.03426   0.01155   0.02348   0.01271     0.082        65       416    0.2709    0.6625    0.5132    0.2783   0.03255   0.01309   0.03035
   180/999     5.06G   0.03621   0.01141   0.02354   0.01284   0.08399        52       416    0.2875    0.6353    0.5233    0.2958   0.03212   0.01306   0.03041
   181/999     5.06G   0.03521   0.01118   0.02339   0.01346   0.08324        52       416    0.2794    0.6327    0.5247    0.2939   0.03286   0.01327   0.02989
   182/999     5.06G   0.03535   0.01109   0.02203   0.01292   0.08139        53       416    0.2581    0.6607     0.522     0.295   0.03084   0.01334   0.03054
   183/999     5.06G     0.035   0.01162   0.02292   0.01326    0.0828        60       416     0.255    0.6691    0.4926    0.2815     0.032   0.01321   0.03068
   184/999     5.06G   0.03571   0.01104   0.02255   0.01204   0.08133        44       416    0.2529    0.6239    0.5056    0.2862   0.03161   0.01332   0.02934
   185/999     5.06G   0.03452   0.01175    0.0228   0.01232   0.08138        51       416    0.2468    0.6159    0.5047    0.2953   0.03065   0.01298   0.02936
   186/999     5.06G   0.03494   0.01106   0.02158   0.01236   0.07994        57       416    0.2333    0.6262    0.5045    0.2728   0.03193   0.01301   0.02842
   187/999     5.06G   0.03299   0.01113   0.02187   0.01242   0.07841        44       416    0.2307     0.642    0.5141    0.2862   0.03114   0.01309   0.02821
   188/999     5.06G   0.03511    0.0106   0.02138   0.01243   0.07952        61       416    0.2453    0.6237    0.5055    0.2996   0.02898   0.01305   0.02883
   189/999     5.06G   0.03617   0.01117   0.02199   0.01204   0.08137        46       416    0.2644    0.6352    0.5067    0.2893    0.0303   0.01335   0.02848
   190/999     5.06G   0.03519   0.01126   0.02036   0.01224   0.07905        49       416    0.2626    0.6898    0.5159    0.2776   0.03296    0.0132   0.02832
   191/999     5.06G   0.03606    0.0113   0.02088   0.01286   0.08111        50       416    0.2617    0.6576    0.5282    0.2544   0.03495   0.01345    0.0275
   192/999     5.06G   0.03464   0.01154   0.02117   0.01282   0.08017        50       416    0.2494    0.6843    0.5332    0.3061   0.03096   0.01293   0.02775
   193/999     5.06G   0.03425   0.01133    0.0196   0.01221   0.07738        60       416    0.2729    0.6715    0.5343    0.3073   0.03064   0.01295   0.02835
   194/999     5.06G   0.03313     0.011   0.02032   0.01208   0.07653        48       416     0.249    0.6843    0.5179    0.3061   0.02928   0.01297   0.02838
   195/999     5.06G   0.03347   0.01149   0.01958   0.01251   0.07705        52       416    0.2553    0.6446    0.5405     0.301   0.03011   0.01285   0.02759
   196/999     5.06G   0.03359     0.011   0.01904   0.01218   0.07581        47       416    0.2585    0.6081    0.5051    0.2936   0.03219   0.01323   0.02998
   197/999     5.06G   0.03538   0.01076    0.0199   0.01203   0.07807        54       416    0.2779    0.6222    0.5216    0.3042   0.03281   0.01313   0.02925
   198/999     5.06G   0.03617   0.01117    0.0205   0.01222   0.08007        46       416    0.2595     0.644    0.5213    0.2926   0.03329   0.01286   0.02836
   199/999     5.06G   0.03341   0.01166   0.02026   0.01177   0.07711        62       416    0.2725    0.6533     0.541    0.3233   0.02964    0.0126   0.02801
   200/999     5.06G   0.03348   0.01095   0.01904   0.01197   0.07544        40       416    0.2592    0.6877    0.5393    0.3008   0.03104   0.01265   0.02781
   201/999     5.06G    0.0326   0.01102   0.01956   0.01151   0.07468        47       416    0.2569    0.6812     0.535    0.3156   0.03078    0.0135   0.02826
   202/999     5.06G   0.03212   0.01192   0.01878   0.01223   0.07505        71       416    0.2522    0.6242    0.5078    0.2953   0.03184   0.01368   0.02878
   203/999     5.06G   0.03288   0.01054   0.01772   0.01155   0.07269        46       416    0.2812    0.6805    0.5316    0.3059   0.03019   0.01337   0.02841
   204/999     5.06G   0.03244   0.01097   0.01816   0.01222   0.07379        56       416    0.2757    0.6972    0.5309    0.3044   0.03012   0.01313    0.0281
   205/999     5.06G   0.03338    0.0113   0.01831   0.01155   0.07455        54       416    0.2882    0.6878     0.522    0.3109   0.02929   0.01274   0.02794
   206/999     5.06G   0.03241   0.01145   0.01861   0.01154   0.07401        54       416    0.2836    0.6814    0.5333    0.3071   0.03227   0.01319   0.02656
   207/999     5.06G   0.03506   0.01092   0.01859   0.01258   0.07715        42       416    0.2843    0.6355     0.518    0.2983   0.03002    0.0131   0.02813
   208/999     5.06G   0.03149   0.01076   0.01748   0.01176   0.07148        56       416    0.2966    0.6474    0.5425    0.3249   0.02962   0.01261   0.02682
   209/999     5.06G   0.03413   0.01091   0.01847   0.01275   0.07626        43       416    0.3132    0.5988    0.5275    0.3075   0.03103   0.01367   0.02754
   210/999     5.06G   0.03368   0.01088   0.01746    0.0124   0.07441        40       416    0.3129    0.6283    0.5388    0.2857   0.03278   0.01369   0.02644
   211/999     5.06G   0.03454   0.01139   0.01819   0.01195   0.07606        51       416    0.3121    0.6297    0.5407    0.3127   0.02917   0.01303   0.02361
   212/999     5.06G   0.03395   0.01068   0.01736   0.01192   0.07392        43       416     0.311    0.6495    0.5616    0.3128    0.0302   0.01301   0.02371
   213/999     5.06G   0.03224   0.01113   0.01729   0.01175    0.0724        47       416    0.3121    0.6954    0.5673    0.3404   0.02947   0.01268    0.0239
   214/999     5.06G   0.03485   0.01113   0.01734   0.01172   0.07505        56       416    0.2994    0.6824    0.5559    0.2959   0.03137   0.01308   0.02489
   215/999     5.06G   0.03363   0.01051   0.01688   0.01115   0.07217        51       416    0.2979    0.6652    0.5324    0.3249   0.02945   0.01299   0.02524
   216/999     5.06G   0.03297   0.01106   0.01773   0.01258   0.07435        58       416    0.2733    0.6825    0.5599    0.3469   0.02809   0.01253   0.02507
   217/999     5.06G   0.03473   0.01126   0.01704   0.01177   0.07479        43       416    0.2992    0.7012    0.5712    0.3343   0.02991   0.01245   0.02454
   218/999     5.06G   0.03089   0.01009   0.01694   0.01074   0.06867        39       416    0.3024    0.6982    0.5713     0.336   0.02802    0.0126   0.02457
   219/999     5.06G   0.03057   0.01125   0.01594   0.01073   0.06848        50       416    0.2925    0.6985    0.5716    0.3489   0.02889   0.01267   0.02503
   220/999     5.06G   0.03177   0.01044   0.01565   0.01147   0.06933        50       416    0.2747    0.7163    0.5681    0.3312   0.02942   0.01282    0.0243
   221/999     5.06G   0.03262   0.01086   0.01639   0.01142    0.0713        58       416    0.2989     0.693    0.5544    0.3275   0.03005   0.01286   0.02484
   222/999     5.06G   0.03155   0.01099   0.01604   0.01111    0.0697        71       416    0.3085    0.6972    0.5706    0.3486   0.02785   0.01254   0.02604
   223/999     5.06G   0.03368   0.01133   0.01595   0.01138   0.07234        75       416    0.3072    0.6802      0.55    0.3141   0.02969   0.01276   0.02429
   224/999     5.06G   0.03451   0.01154   0.01558   0.01114   0.07276        67       416     0.305    0.6922    0.5689    0.3343   0.02989   0.01263   0.02421
   225/999     5.06G   0.03369   0.01069   0.01627   0.01144   0.07209        50       416    0.3087    0.6833    0.5532    0.3467   0.02861   0.01249   0.02452
   226/999     5.06G   0.03389   0.01065   0.01572   0.01107   0.07133        61       416    0.3086    0.6665    0.5423    0.3239    0.0307     0.013   0.02469
   227/999     5.06G   0.03285   0.01102   0.01543   0.01119   0.07049        58       416    0.2992    0.6587    0.5559    0.3328   0.03062   0.01295   0.02425
   228/999     5.06G   0.03185   0.01087   0.01565   0.01086   0.06923        53       416    0.3244    0.6882    0.5858    0.3542   0.02882   0.01263   0.02397
   229/999     5.06G   0.03249   0.01098   0.01478   0.01092   0.06918        70       416    0.3316    0.6859    0.5752    0.3413   0.03026   0.01273   0.02456
   230/999     5.06G   0.03282   0.01095   0.01504   0.01119      0.07        49       416    0.3224    0.6926    0.5595    0.3351   0.02896   0.01296   0.02523
   231/999     5.06G   0.02988   0.01083   0.01518    0.0103   0.06619        51       416    0.3254    0.6849    0.5756    0.3433   0.02923    0.0132   0.02383
   232/999     5.06G   0.03067   0.01093   0.01508   0.01062   0.06731        43       416    0.3464    0.6992    0.6014    0.3705   0.02666    0.0126   0.02352
   233/999     5.06G   0.03257     0.011   0.01395   0.01064   0.06817        48       416     0.333    0.7001    0.5861    0.3472   0.02806   0.01267    0.0234
   234/999     5.06G   0.03286   0.01023   0.01478   0.01041   0.06828        48       416    0.3265    0.7033    0.5591    0.3405   0.02843   0.01249    0.0238
   235/999     5.06G   0.03152   0.01034   0.01478   0.01066    0.0673        43       416    0.3325    0.7082    0.5638    0.3463   0.02795    0.0126   0.02468
   236/999     5.06G   0.03049   0.01071   0.01505   0.01112   0.06738        66       416    0.3328    0.6795    0.5594    0.3286   0.02935   0.01312   0.02547
   237/999     5.06G   0.03257   0.01074    0.0141   0.01072   0.06813        59       416      0.31    0.6974    0.5711    0.3347   0.02953   0.01266   0.02396
   238/999     5.06G   0.03152   0.01038   0.01455    0.0103   0.06675        68       416    0.3115    0.6938    0.5688     0.336   0.02813   0.01233   0.02242
   239/999     5.06G   0.03085    0.0104    0.0132   0.01089   0.06534        60       416    0.3154    0.6881    0.5776    0.3429   0.02792   0.01227   0.02276
   240/999     5.06G   0.02969   0.01054   0.01355   0.01062    0.0644        49       416    0.3172    0.7047    0.5819    0.3378   0.02691    0.0123   0.02355
   241/999     5.06G     0.031   0.01072   0.01372   0.01072   0.06616        49       416      0.34    0.7097    0.6024    0.3417   0.02726   0.01272   0.02379
   242/999     5.06G   0.03175   0.01028   0.01361   0.01065   0.06629        50       416    0.3284     0.661    0.5896    0.3617   0.02718   0.01247   0.02348
   243/999     5.06G   0.03217   0.01083    0.0133   0.01083   0.06712        66       416    0.3621    0.6523    0.5844    0.3437   0.03022   0.01314   0.02325
   244/999     5.06G   0.02959   0.01113   0.01363   0.01028   0.06463        50       416    0.3316    0.6301    0.5582    0.2906   0.03405   0.01347   0.02413
   245/999     5.06G   0.03263   0.01037   0.01457   0.01052   0.06809        46       416    0.3811    0.6313    0.5598     0.329   0.03158   0.01388   0.02532
   246/999     5.06G   0.02979   0.00985   0.01338    0.0105   0.06352        47       416    0.3207    0.6354    0.5504    0.3349   0.03036    0.0139   0.02741
   247/999     5.06G   0.03112   0.01042   0.01462   0.01036   0.06651        59       416    0.3098    0.6538    0.5727    0.3463   0.02926   0.01311   0.02488
   248/999     5.06G   0.03186   0.01037   0.01371   0.01034   0.06628        54       416    0.3025    0.7012    0.5847    0.3585    0.0279   0.01233   0.02252
   249/999     5.06G   0.03101   0.01077   0.01271   0.01066   0.06515        51       416    0.3284       0.7    0.5771    0.3422   0.02906   0.01276   0.02185
   250/999     5.06G    0.0313   0.01009   0.01407   0.01012   0.06557        47       416    0.3327    0.6863    0.5575    0.3219   0.03263   0.01296   0.02252
   251/999     5.06G    0.0307   0.01028   0.01416   0.01072   0.06585        52       416    0.3332    0.6613    0.5501    0.3266   0.02938   0.01286   0.02407
   252/999     5.06G   0.03014   0.01024   0.01233   0.01011   0.06283        47       416    0.3352    0.7031    0.5974    0.3564   0.02871   0.01267   0.02426
   253/999     5.06G   0.03241   0.01058    0.0129   0.01129   0.06718        58       416    0.3418    0.6948    0.6112    0.3722   0.02822   0.01259   0.02258
   254/999     5.06G   0.03228   0.01108   0.01289   0.01018   0.06643        58       416    0.3459    0.6877    0.6001    0.3549   0.02932   0.01411   0.02234
   255/999     5.06G    0.0323   0.01059   0.01276   0.01011   0.06576        57       416    0.3845    0.7244    0.6116    0.3797    0.0283   0.01386   0.02225
   256/999     5.06G   0.02945   0.01039   0.01242  0.009944   0.06221        56       416    0.3351    0.7054    0.5944    0.3699   0.02835   0.01318   0.02377
   257/999     5.06G    0.0316  0.009796   0.01266   0.01033   0.06438        51       416    0.3669    0.6927    0.5879    0.3556   0.02831   0.01313   0.02287
   258/999     5.06G   0.03048    0.0104   0.01361   0.01021    0.0647        54       416    0.3612    0.6552    0.6029    0.3711   0.02707   0.01265   0.02158
   259/999     5.06G   0.02954   0.01003    0.0118  0.009611   0.06097        52       416    0.3398    0.7044    0.5894    0.3723   0.02817   0.01238   0.02248
   260/999     5.06G   0.03122   0.01004   0.01274   0.01064   0.06464        50       416    0.3246    0.6964    0.5963    0.3596   0.02835   0.01262    0.0224
   261/999     5.06G   0.03097  0.009873   0.01298   0.01001   0.06383        42       416    0.3823    0.7034    0.5974    0.3596   0.02859     0.013   0.02281
   262/999     5.06G   0.03142   0.01033   0.01259  0.009975   0.06431        56       416    0.3826    0.7231    0.6142    0.3791   0.02769   0.01253   0.02188
   263/999     5.06G   0.03013   0.01046   0.01233   0.01041   0.06334        61       416    0.3947    0.7556    0.6378    0.3785   0.02867   0.01261   0.02061
   264/999     5.06G   0.03116   0.01046   0.01165   0.01041   0.06368        53       416     0.404    0.7256     0.638    0.3665   0.02821   0.01238   0.02098
   265/999     5.06G   0.03157   0.01074    0.0121    0.0098   0.06421        55       416    0.3845    0.7049    0.5968     0.364     0.028   0.01276   0.02179
   266/999     5.06G   0.02954   0.01034   0.01304   0.01051   0.06343        59       416    0.3867    0.6933     0.623    0.3897   0.02784   0.01292   0.02269
   267/999     5.06G   0.03019   0.01036   0.01289   0.01021   0.06365        55       416    0.3852     0.746    0.6457    0.3931   0.02669   0.01239   0.02177
   268/999     5.06G   0.02994   0.01004   0.01211  0.009845   0.06194        66       416    0.4197    0.7636    0.6441    0.4033   0.02708   0.01204   0.02352
   269/999     5.06G   0.03016   0.01028   0.01175    0.0097   0.06189        58       416    0.4202    0.7169    0.6147    0.4054   0.02633   0.01271   0.02491
   270/999     5.06G   0.02861   0.01018   0.01226  0.009765   0.06082        58       416    0.3901     0.682    0.6151     0.363   0.02761   0.01241   0.02333
   271/999     5.06G   0.02947   0.01054   0.01163  0.009616   0.06126        62       416    0.4107    0.7164    0.6469    0.4055   0.02707   0.01252    0.0211
   272/999     5.06G   0.03046  0.009966   0.01195  0.009949   0.06232        54       416    0.3801    0.7088    0.6435    0.3837   0.02906   0.01243   0.02069
   273/999     5.06G   0.03114   0.01023   0.01207   0.01026    0.0637        51       416    0.3606    0.7021    0.6123    0.4009    0.0264   0.01193   0.02131
   274/999     5.06G   0.03022    0.0105   0.01155  0.009787   0.06206        53       416    0.3567    0.6978    0.6061    0.3898   0.02738   0.01242   0.02128
   275/999     5.06G   0.02924   0.01001   0.01122  0.009626   0.06009        48       416    0.3391    0.6904    0.5971    0.3714    0.0289   0.01243   0.02245
   276/999     5.06G   0.03065   0.01018   0.01186  0.009703    0.0624        57       416    0.3563    0.6739     0.578    0.3455   0.02844   0.01308   0.02463
   277/999     5.06G   0.03046   0.01034   0.01177   0.01003    0.0626        63       416    0.3281    0.7057    0.6118    0.3747   0.02941   0.01258   0.02161
   278/999     5.06G   0.03005   0.01006   0.01126   0.01003    0.0614        59       416    0.3813    0.7209    0.6318    0.3818   0.02878   0.01229   0.02136
   279/999     5.06G   0.02824  0.009809   0.01139  0.009532   0.05896        52       416    0.4009     0.707    0.6053    0.3567   0.03055   0.01311   0.02079
   280/999     5.06G   0.03009   0.01018    0.0106  0.009888   0.06075        40       416     0.399    0.7227    0.6046    0.3655   0.02732   0.01244    0.0213
   281/999     5.06G   0.02848   0.00977   0.01129  0.009666   0.05921        41       416    0.3924    0.6975    0.5817    0.3647   0.02701   0.01279   0.02518
   282/999     5.06G   0.02786   0.01012    0.0109  0.009779   0.05867        55       416    0.3658    0.7343    0.6091    0.3833   0.02675   0.01246   0.02291
   283/999     5.06G      0.03  0.009932    0.0111  0.009403   0.06043        49       416     0.389    0.7532    0.6133    0.3751   0.02737   0.01236   0.02122
   284/999     5.06G   0.03208   0.01031   0.01114  0.009782   0.06332        56       416    0.4038    0.7586    0.6475    0.3846    0.0266   0.01236   0.02183
   285/999     5.06G   0.02994    0.0103   0.01131  0.009603   0.06115        58       416    0.3913    0.7518    0.6372    0.3931   0.02605    0.0124   0.02102
   286/999     5.06G   0.03034   0.01041   0.01065  0.009586   0.06099        63       416    0.4033    0.7055    0.6111    0.3757   0.02779   0.01275   0.02163
   287/999     5.06G   0.02957   0.01015   0.01125  0.009403   0.06038        45       416    0.3911    0.7057     0.604    0.3847   0.02674    0.0127   0.02329
   288/999     5.06G    0.0304  0.009991   0.01038  0.009854   0.06063        62       416    0.3929    0.7265    0.6035    0.3904   0.02663   0.01261   0.02194
   289/999     5.06G   0.02793   0.01017   0.01126  0.009546   0.05892        52       416     0.378    0.7326    0.6145    0.3919   0.02691   0.01275    0.0235
   290/999     5.06G   0.02892    0.0102   0.01064   0.01018   0.05994        71       416    0.3984    0.7396    0.6386    0.4046   0.02731   0.01227   0.02093
   291/999     5.06G    0.0282   0.01032   0.01068   0.01011   0.05931        62       416    0.3971    0.7593    0.6646    0.4088    0.0257   0.01189   0.02108
   292/999     5.06G   0.03049  0.009855   0.01022  0.009825   0.06038        48       416    0.4004    0.6923    0.6379    0.3827   0.02694   0.01228   0.02143
   293/999     5.06G   0.02848   0.01019   0.01039   0.01028   0.05933        48       416    0.3918    0.7318    0.6626    0.4097   0.02655   0.01232    0.0207
   294/999     5.06G    0.0294  0.009967   0.01003  0.009526   0.05892        47       416    0.4083    0.7105    0.6449    0.4119   0.02728   0.01222   0.02017
   295/999     5.06G   0.02954    0.0109   0.01135  0.009523   0.06132        57       416    0.4106    0.7321    0.6506    0.4164   0.02728    0.0123   0.02052
   296/999     5.06G   0.02973   0.01062   0.01018  0.009184   0.05971        74       416    0.3884     0.764    0.6463    0.3757   0.02872   0.01226   0.02052
   297/999     5.06G   0.03098  0.009917   0.01011  0.009497    0.0605        51       416    0.4252    0.7658    0.6749    0.4418   0.02584   0.01208   0.02094
   298/999     5.06G   0.02737  0.009911   0.01094  0.009454   0.05768        44       416    0.3851    0.7354    0.6629    0.4324   0.02539    0.0121    0.0213
   299/999     5.06G   0.02763  0.009609   0.01051  0.009303   0.05704        42       416    0.4128    0.7188    0.6636    0.4339   0.02571   0.01217   0.02102
   300/999     5.06G   0.02928   0.01032  0.009821  0.009483   0.05891        57       416    0.3894    0.7039     0.619    0.3996   0.02621   0.01211   0.02342
   301/999     5.06G   0.02792  0.009965   0.01073  0.009051   0.05766        52       416    0.3802    0.7783    0.6567    0.4378   0.02505   0.01185   0.02066
   302/999     5.06G   0.02969   0.01014  0.009539  0.009262   0.05864        63       416    0.4035    0.7642    0.6248    0.4004   0.02677   0.01224   0.02176
   303/999     5.06G   0.02743  0.009695  0.009824  0.009587   0.05654        50       416     0.401    0.7718    0.6387    0.3944   0.02595   0.01222   0.02206
   304/999     5.06G   0.02799  0.009922   0.01021  0.009495   0.05762        65       416    0.4111    0.7423    0.6097     0.383   0.02634   0.01274   0.02239
   305/999     5.06G   0.02889  0.009687  0.009344   0.00914   0.05706        58       416    0.3992     0.766    0.6162    0.3956   0.02687    0.0125   0.02238
   306/999     5.06G   0.02944    0.0097   0.01052   0.00948   0.05913        45       416    0.4155    0.7632    0.6393    0.4152    0.0264   0.01214   0.02201
   307/999     5.06G    0.0286   0.01016  0.009375  0.009481   0.05762        58       416    0.4152      0.76    0.6469    0.4165    0.0255   0.01214   0.02074
   308/999     5.06G   0.02864  0.009835  0.009556  0.009591   0.05762        60       416    0.4073    0.7498    0.6337    0.4005   0.02689   0.01174   0.01995
   309/999     5.06G   0.02822   0.01005  0.009639  0.009462   0.05738        52       416    0.4281    0.7661    0.6333    0.3932   0.02841   0.01192   0.01951
   310/999     5.06G   0.02978   0.01011  0.009727   0.01002   0.05964        64       416    0.4287    0.7833    0.6199    0.3764   0.02925   0.01264   0.01989
   311/999     5.06G   0.02693   0.00927  0.009364  0.009183   0.05475        46       416    0.4173    0.7726    0.6081    0.3616   0.03036   0.01339   0.02097
   312/999     5.06G   0.02844    0.0102  0.009522  0.009425   0.05759        60       416    0.3966     0.778    0.6505     0.388   0.03197   0.01312   0.02073
   313/999     5.06G   0.02669   0.00977   0.00996  0.009091   0.05552        53       416    0.4088    0.7937    0.6586     0.432   0.02574   0.01203   0.02063
   314/999     5.06G   0.02781   0.01011  0.009865  0.009375   0.05716        49       416    0.4241    0.7913    0.6677    0.4107   0.02653    0.0123   0.02105
   315/999     5.06G   0.02982   0.01049  0.009222  0.009219   0.05875        60       416    0.4036    0.7137    0.6217    0.3781   0.02752   0.01266    0.0224
   316/999     5.06G    0.0291   0.01039  0.009437   0.01001   0.05894        68       416    0.4165    0.7427     0.629    0.3836   0.02839   0.01273   0.02453
   317/999     5.06G   0.02965   0.01015  0.009258  0.009125   0.05818        57       416    0.3984    0.7322    0.5926    0.3569   0.02898   0.01289   0.02428
   318/999     5.06G   0.02733  0.009992  0.009504  0.009834   0.05666        49       416     0.429    0.7472    0.6017    0.3756   0.02678   0.01294   0.02383
   319/999     5.06G   0.02714   0.00988   0.01032  0.009385   0.05672        47       416    0.4273    0.7553    0.6231    0.3832    0.0282    0.0131    0.0223
   320/999     5.06G   0.03009  0.009902   0.00905  0.008918   0.05796        38       416    0.4454    0.7688    0.6448    0.4059    0.0271   0.01327   0.02124
   321/999     5.06G   0.02851  0.009334  0.009323  0.009239   0.05641        51       416    0.4419    0.7758    0.6566    0.4279   0.02577   0.01289   0.02115
   322/999     5.06G   0.02793  0.009833  0.009087  0.009024   0.05588        58       416    0.4363    0.7636    0.6153     0.392   0.02532   0.01249   0.02214
   323/999     5.06G   0.02803   0.00981  0.009356  0.009867   0.05706        48       416    0.4272     0.744    0.6384    0.4024   0.02615   0.01236     0.021
   324/999     5.06G   0.02833   0.01004   0.01008   0.01058   0.05903        53       416    0.4223    0.7426    0.6556    0.4139   0.02544   0.01208   0.02072
   325/999     5.06G   0.02736  0.009498  0.009172  0.009461   0.05549        55       416    0.4181    0.7315     0.647    0.4179   0.02593    0.0125   0.02178
   326/999     5.06G   0.02712  0.009796  0.009023  0.009606   0.05555        56       416    0.3921    0.7682    0.6515    0.4177     0.027   0.01237   0.02172
   327/999     5.06G   0.02926  0.009793  0.009416  0.009283   0.05775        33       416    0.4136     0.784    0.6574    0.4227   0.02708   0.01239   0.02138
   328/999     5.06G   0.02814   0.01004  0.009485  0.008857   0.05653        63       416     0.421    0.8024    0.6722    0.4196   0.02749   0.01219   0.02057
   329/999     5.06G   0.02757  0.009809  0.008211  0.008688   0.05428        47       416    0.4204    0.7974    0.6856    0.4432   0.02656   0.01219   0.01961
   330/999     5.06G   0.02746  0.009771  0.008815  0.008925   0.05497        47       416    0.4238    0.7835    0.6674    0.4391   0.02542   0.01194   0.01916
   331/999     5.06G   0.02704  0.009068  0.009331  0.008867    0.0543        43       416    0.4326    0.7892    0.6485    0.4251   0.02482   0.01195   0.01997
   332/999     5.06G   0.02773  0.009807  0.009585  0.008826   0.05595        51       416    0.4584    0.7994    0.6545     0.424   0.02456   0.01219   0.02152
   333/999     5.06G   0.02813  0.009809   0.00825  0.008968   0.05516        54       416    0.4352    0.7336     0.638    0.4012    0.0255   0.01242   0.02076
   334/999     5.06G   0.02874  0.009736   0.00845  0.008754   0.05568        62       416     0.435    0.7604    0.6453    0.4057   0.02649   0.01283   0.02304
   335/999     5.06G   0.02797  0.009705   0.00917  0.009563    0.0564        52       416    0.4265    0.7535    0.6694     0.417    0.0281   0.01278   0.02465
   336/999     5.06G   0.02999  0.009413  0.008483  0.009172   0.05705        50       416    0.4242     0.729    0.6461    0.4142   0.02664    0.0126   0.02265
   337/999     5.06G   0.02793  0.009921  0.009079  0.008744   0.05567        50       416    0.4364    0.7886    0.6813    0.4394   0.02523   0.01174   0.02055
   338/999     5.06G   0.02704  0.009739   0.00897  0.009474   0.05522        62       416    0.4297    0.7355    0.6703    0.4408   0.02452   0.01182   0.01988
   339/999     5.06G   0.02754  0.009553  0.008217  0.008743   0.05405        42       416    0.4473     0.792     0.671    0.4248     0.025   0.01184   0.02056
   340/999     5.06G   0.02808  0.009927  0.008337  0.009598   0.05594        42       416    0.4383    0.8071    0.6703     0.441   0.02457   0.01179   0.01994
   341/999     5.06G   0.02763  0.009699  0.008383  0.008714   0.05442        61       416    0.4543    0.7809    0.6712     0.442    0.0251   0.01175   0.01946
   342/999     5.06G   0.02885  0.009913  0.008961  0.009056   0.05677        66       416    0.4796     0.789    0.6961    0.4522   0.02527   0.01212   0.01939
   343/999     5.06G   0.02637  0.009764  0.008524  0.009251   0.05391        44       416    0.4562    0.7999    0.6999    0.4657   0.02413     0.012   0.02052
   344/999     5.06G   0.02868  0.009526  0.007783   0.00876   0.05474        51       416    0.4397    0.8009    0.6707    0.4402   0.02419   0.01186   0.02075
   345/999     5.06G   0.02809  0.009971  0.008556  0.009101   0.05571        59       416    0.4568    0.7957    0.6619    0.4467   0.02323   0.01186   0.02043
   346/999     5.06G    0.0281  0.009677  0.008686  0.008984   0.05544        59       416    0.4513    0.7802    0.6471    0.4116   0.02441   0.01208   0.02151
   347/999     5.06G   0.02614  0.009466  0.008341  0.009084   0.05303        46       416    0.4539     0.793     0.685    0.4558    0.0251   0.01217    0.0218
   348/999     5.06G   0.02667  0.009885  0.008455  0.008994   0.05401        58       416    0.4339    0.8122     0.711    0.4701   0.02521    0.0119   0.02122
   349/999     5.06G   0.02742  0.009501  0.008577  0.008622   0.05412        50       416     0.445    0.7934    0.6947    0.4572    0.0247   0.01188   0.02001
   350/999     5.06G   0.02704   0.00938  0.008266  0.008787   0.05348        43       416    0.4465    0.7813    0.6618    0.4436   0.02465   0.01214   0.02134
   351/999     5.06G   0.02568  0.009719  0.007698  0.009217   0.05231        46       416    0.4458    0.7726    0.6757    0.4482   0.02477    0.0123   0.02158
   352/999     5.06G   0.02643  0.009397  0.008183  0.008813   0.05282        61       416    0.4445    0.7722    0.6828    0.4557   0.02454   0.01227    0.0218
   353/999     5.06G    0.0266  0.009652  0.008199  0.008507   0.05295        50       416    0.4559    0.7833    0.6693    0.4289   0.02723    0.0127   0.02331
   354/999     5.06G   0.02691  0.009823  0.008038  0.008858   0.05363        63       416    0.4571    0.7694    0.6518     0.409   0.02854   0.01347   0.02341
   355/999     5.06G   0.02911  0.009588  0.007484  0.009337   0.05552        69       416    0.4513    0.7821    0.6778    0.4257   0.02723   0.01376   0.02086
   356/999     5.06G   0.02662  0.009368   0.00796  0.009305   0.05325        43       416    0.4662    0.7924    0.6856    0.4384   0.02537    0.0131   0.02064
   357/999     5.06G   0.02758  0.009684  0.008111  0.009212   0.05459        55       416    0.4479    0.7989    0.6851    0.4453   0.02534    0.0128   0.02122
   358/999     5.06G   0.02572  0.009041  0.007882  0.008497   0.05114        47       416    0.4499    0.7957    0.6978    0.4371   0.02613   0.01252   0.02141
   359/999     5.06G    0.0268  0.009887  0.007444  0.008546   0.05268        56       416    0.4461    0.8007    0.7028    0.4452   0.02635   0.01188   0.02095
   360/999     5.06G   0.02728  0.009448  0.007552  0.008978   0.05326        46       416    0.4484    0.8051    0.7088    0.4772   0.02385   0.01137      0.02
   361/999     5.06G   0.02751   0.00964  0.007372  0.008643   0.05317        63       416    0.4687    0.7996     0.702    0.4644   0.02503   0.01147   0.01947
   362/999     5.06G   0.02714  0.009795  0.007964  0.008533   0.05344        62       416    0.4668    0.7947    0.7149    0.4751   0.02478   0.01169   0.01916
   363/999     5.06G   0.02737  0.009459  0.007907  0.008216   0.05295        60       416     0.479    0.8092    0.7319    0.4811   0.02369     0.012   0.01939
   364/999     5.06G   0.02741  0.009561  0.007004  0.008343   0.05232        57       416    0.4898    0.7979    0.7454    0.4668   0.02448   0.01246   0.02008
   365/999     5.06G   0.02833  0.009703  0.007525  0.008813   0.05437        58       416    0.4842     0.769     0.716      0.46   0.02402   0.01251   0.02119
   366/999     5.06G   0.02693  0.009484  0.007775  0.008592   0.05278        62       416     0.463    0.7757     0.715     0.487    0.0237   0.01225   0.02145
   367/999     5.06G   0.02644  0.009404  0.007204  0.007932   0.05098        44       416    0.4729    0.8012    0.7343    0.4873   0.02351   0.01223   0.02015
   368/999     5.06G     0.026  0.009315  0.006665  0.008556   0.05054        56       416    0.4838    0.7898    0.7097    0.4686   0.02402   0.01208   0.02026
   369/999     5.06G   0.02575  0.009662  0.008038  0.008737   0.05219        58       416    0.4647    0.7887    0.7033    0.4592   0.02481   0.01243    0.0202
   370/999     5.06G   0.02574  0.009177  0.006954  0.008209   0.05008        51       416      0.46    0.7853    0.6911    0.4589   0.02496    0.0125   0.02142
   371/999     5.06G   0.02681  0.009363  0.007267  0.008354   0.05179        58       416    0.4847    0.7993    0.7325    0.4924   0.02442   0.01211   0.02101
   372/999     5.06G   0.02739  0.009608  0.007249  0.008679   0.05293        45       416     0.494    0.8082    0.7421    0.4998   0.02393   0.01223   0.02041
   373/999     5.06G   0.02538  0.008755   0.00684  0.008975   0.04995        54       416    0.4963    0.8097    0.7329     0.504   0.02263   0.01196   0.02064
   374/999     5.06G   0.02653   0.00947  0.007483  0.008543   0.05202        54       416    0.4937    0.8143    0.7191    0.4972   0.02346   0.01206   0.02141
   375/999     5.06G   0.02744  0.009377  0.007406  0.008578    0.0528        50       416    0.4878    0.8179    0.7301    0.4945    0.0232   0.01183   0.01932
   376/999     5.06G   0.02763  0.009531  0.007354   0.00852   0.05303        51       416    0.4908    0.8232    0.7467    0.4942   0.02369   0.01221   0.01883
   377/999     5.06G   0.02573   0.00987  0.007232  0.008094   0.05092        56       416    0.4867    0.8141    0.7216    0.4699   0.02361    0.0119   0.01862
   378/999     5.06G   0.02585   0.00924  0.006854  0.008171   0.05011        49       416    0.4945    0.8112       0.7    0.4639   0.02307   0.01191   0.01988
   379/999     5.06G    0.0274   0.00982  0.007633  0.008324   0.05318        56       416    0.5028    0.8075    0.7077    0.4746   0.02323   0.01189   0.02074
   380/999     5.06G   0.02526  0.009105  0.006936  0.008027   0.04933        48       416    0.4709    0.8005    0.7145      0.49   0.02259   0.01172   0.02039
   381/999     5.06G   0.02474  0.009135  0.006688  0.008158   0.04872        60       416    0.4675    0.8096    0.7079    0.4717    0.0228   0.01169    0.0198
   382/999     5.06G   0.02526  0.009227  0.007751  0.008486   0.05073        70       416    0.4667    0.8168    0.7304    0.5057   0.02253   0.01167     0.019
   383/999     5.06G   0.02827  0.009342  0.007184  0.007966   0.05276        63       416    0.4701    0.8259    0.7513    0.5027   0.02458    0.0117   0.01908
   384/999     5.06G   0.02726  0.009737   0.00765  0.008354     0.053        52       416    0.4963     0.827    0.7428    0.4871   0.02341   0.01163   0.01878
   385/999     5.06G   0.02782   0.00995  0.007003  0.008068   0.05284        67       416    0.4947    0.8045     0.739    0.4921   0.02355   0.01186   0.01968
   386/999     5.06G   0.02551  0.009151  0.007663  0.008297   0.05062        58       416     0.491     0.805    0.7398    0.4891   0.02388    0.0119   0.01987
   387/999     5.06G    0.0256  0.008978  0.007086  0.008043    0.0497        63       416    0.4706    0.8221    0.7461    0.4822   0.02523   0.01196   0.01971
   388/999     5.06G    0.0249  0.009311  0.006758  0.008377   0.04934        67       416    0.4851    0.8157    0.7387      0.48   0.02423   0.01181     0.019
   389/999     5.06G   0.02378  0.009057  0.006812  0.008114   0.04776        56       416    0.4961    0.8176    0.7214    0.4787   0.02349    0.0121   0.02018
   390/999     5.06G   0.02538  0.009317  0.006488  0.007962   0.04915        49       416     0.499    0.8171    0.7189    0.4693   0.02453   0.01214   0.01969
   391/999     5.06G    0.0257  0.009135  0.007261  0.008315   0.05041        69       416    0.5131    0.8211    0.7163    0.4785   0.02426   0.01217   0.02046
   392/999     5.06G   0.02524  0.009235  0.007205  0.007849   0.04953        46       416    0.4991    0.8243    0.7285    0.4906   0.02269   0.01164   0.01957
   393/999     5.06G   0.02415  0.009319  0.006552   0.00838    0.0484        56       416    0.4955    0.8258    0.7245    0.4934   0.02335   0.01161   0.01913
   394/999     5.06G   0.02456  0.009386  0.006251  0.008027   0.04823        46       416    0.5005    0.8028    0.7031    0.4727   0.02391   0.01217   0.02053
   395/999     5.06G   0.02532  0.009492  0.006243  0.008135   0.04919        43       416    0.4999    0.7938    0.7035    0.4745   0.02393   0.01213   0.01942
   396/999     5.06G   0.02553  0.009325  0.006772   0.00798   0.04961        52       416    0.5084    0.7994    0.6948    0.4613   0.02393   0.01217   0.01988
   397/999     5.06G   0.02516  0.008869  0.006279  0.008158   0.04846        55       416    0.5105    0.8116     0.713    0.4841   0.02374   0.01216   0.01909
   398/999     5.06G   0.02488   0.00889  0.006825  0.008005    0.0486        42       416    0.5163    0.8344    0.7566    0.5137   0.02317   0.01196    0.0195
   399/999     5.06G   0.02784  0.009482  0.006878  0.007822   0.05203        52       416    0.5225    0.8324    0.7416    0.5031   0.02346   0.01225   0.01854
   400/999     5.06G   0.02604  0.009335  0.006248  0.007628   0.04925        65       416    0.5174    0.7749    0.6978    0.4756   0.02365    0.0124   0.01898
   401/999     5.06G   0.02584  0.009669  0.006588  0.007989   0.05009        63       416    0.5005    0.7763    0.7023    0.4756    0.0246   0.01251   0.01994
   402/999     5.06G     0.026  0.009489  0.006632  0.008274   0.05039        50       416    0.5213    0.7843    0.6995     0.475   0.02347   0.01223   0.01937
   403/999     5.06G   0.02708  0.009383  0.006524  0.007967   0.05095        51       416    0.5561    0.8024     0.718    0.4884   0.02384   0.01204   0.01822
   404/999     5.06G   0.02565  0.009204  0.006497  0.008433   0.04979        54       416     0.525    0.8125    0.7142     0.494   0.02364   0.01157   0.01804
   405/999     5.06G   0.02483  0.009369  0.006957  0.008181   0.04933        67       416    0.5054    0.8018    0.7168    0.4906   0.02321   0.01172   0.01864
   406/999     5.06G   0.02647   0.00932    0.0059  0.007939   0.04963        55       416    0.4857    0.7917    0.6978    0.4645   0.02382    0.0121   0.01997
   407/999     5.06G   0.02507  0.009037  0.006311  0.007848   0.04826        58       416    0.4973     0.794    0.7081    0.4613   0.02341   0.01208   0.01909
   408/999     5.06G     0.025  0.009228   0.00607   0.00784   0.04814        53       416    0.5198    0.8104    0.7164    0.4771   0.02362   0.01205   0.01857
   409/999     5.06G   0.02648  0.009484  0.006508   0.00786   0.05033        51       416     0.504    0.8053    0.7132    0.4845   0.02353   0.01215    0.0181
   410/999     5.06G   0.02657   0.00906  0.006342  0.007722   0.04969        52       416    0.5093    0.8276    0.7468    0.4935   0.02375   0.01193   0.01799
   411/999     5.06G    0.0257  0.008993  0.006236  0.007964    0.0489        52       416    0.5226    0.8184    0.7687    0.5212    0.0231   0.01169   0.01847
   412/999     5.06G   0.02322  0.009103  0.006093   0.00765   0.04606        62       416    0.5062     0.803    0.7545    0.5194   0.02257   0.01144   0.02033
   413/999     5.06G   0.02519  0.008825  0.005898  0.008012   0.04792        51       416    0.5098    0.8108    0.7207    0.4873   0.02325   0.01165   0.01883
   414/999     5.06G   0.02546  0.009395  0.006547  0.008081   0.04948        59       416     0.488    0.8113    0.7387     0.497   0.02287   0.01147   0.01933
   415/999     5.06G   0.02499  0.008906  0.006393  0.007541   0.04783        47       416    0.4934    0.8213    0.7481     0.506   0.02259   0.01141   0.01968
   416/999     5.06G   0.02508  0.009251  0.006321  0.008137   0.04879        66       416    0.5073      0.81    0.7332    0.5009   0.02366   0.01187   0.01984
   417/999     5.06G   0.02357  0.008871  0.006377   0.00781   0.04663        53       416     0.522     0.836    0.7288    0.4843   0.02308    0.0121   0.01926
   418/999     5.06G   0.02545  0.009039  0.006052  0.007753   0.04829        51       416    0.5081    0.8231    0.7208    0.4847   0.02278   0.01218   0.01837
   419/999     5.06G   0.02529   0.00864  0.005494  0.007402   0.04683        51       416    0.5331    0.8236     0.713    0.4829   0.02265   0.01188   0.01929
   420/999     5.06G   0.02522   0.00937  0.006478  0.007997   0.04906        51       416    0.5141    0.8075    0.7242    0.4936   0.02311   0.01193   0.02009
   421/999     5.06G   0.02479  0.008899  0.006657  0.008127   0.04847        60       416    0.5213    0.8229    0.7625    0.5428   0.02253   0.01159   0.01919
   422/999     5.06G   0.02459  0.008916  0.006409  0.007856   0.04777        49       416    0.5175    0.8398     0.773     0.527   0.02248   0.01145   0.01897
   423/999     5.06G   0.02451   0.00903  0.006095  0.007745   0.04738        53       416    0.5138    0.8485    0.7697    0.5293   0.02219   0.01129   0.01848
   424/999     5.06G   0.02532    0.0092  0.006134  0.008072   0.04872        47       416    0.5122    0.8469    0.7507     0.513   0.02313   0.01152   0.01857
   425/999     5.06G   0.02627  0.009047  0.006054  0.007911   0.04928        44       416    0.5159    0.8374    0.7713    0.5311    0.0231   0.01162   0.01854
   426/999     5.06G    0.0238  0.008673  0.005984  0.007549   0.04601        48       416    0.5186    0.8307    0.7649    0.5263    0.0221   0.01143   0.01795
   427/999     5.06G   0.02437  0.008805  0.005915  0.007442   0.04653        62       416    0.5073    0.8526    0.7731    0.5354   0.02195   0.01138   0.01803
   428/999     5.06G   0.02359  0.008813  0.005793  0.007629   0.04583        54       416    0.5032    0.8459    0.7812    0.5375   0.02263    0.0116   0.01855
   429/999     5.06G   0.02452  0.008937  0.005652  0.007453   0.04656        46       416     0.519    0.8389    0.7605    0.5245   0.02241    0.0117    0.0181
   430/999     5.06G   0.02387  0.009107  0.005764  0.007913   0.04666        42       416    0.5097     0.812    0.7511    0.5164   0.02278   0.01189   0.01839
   431/999     5.06G   0.02395  0.009096  0.005631  0.007715   0.04639        65       416    0.5166    0.8292     0.767    0.5292   0.02279   0.01205    0.0182
   432/999     5.06G   0.02354  0.009053  0.005793  0.007272   0.04565        60       416    0.5164     0.837    0.7675    0.5288    0.0224   0.01155    0.0182
   433/999     5.06G   0.02349  0.008853   0.00582  0.007612   0.04577        55       416    0.5147    0.8253    0.7672    0.5329   0.02227   0.01152   0.01877
   434/999     5.06G   0.02562  0.008987  0.006043  0.007809   0.04846        43       416    0.4955    0.8267    0.7585    0.5201    0.0242   0.01209   0.01918
   435/999     5.06G   0.02546   0.00896   0.00626   0.00773   0.04841        59       416    0.4954    0.8122    0.7407    0.4868   0.02453   0.01247   0.02088
   436/999     5.06G   0.02535  0.009277  0.006024  0.007741   0.04839        42       416    0.5005    0.8038    0.7229    0.4839   0.02394   0.01252   0.01969
   437/999     5.06G   0.02406  0.009239  0.005631  0.007655   0.04659        62       416    0.4988    0.8067     0.755    0.5239   0.02243   0.01192   0.01857
   438/999     5.06G   0.02415   0.00881  0.005688  0.007562   0.04621        50       416    0.5196    0.8236    0.7608     0.535   0.02206   0.01178   0.01967
   439/999     5.06G   0.02405  0.008888   0.00582  0.007893   0.04665        59       416    0.5136    0.8278    0.7412    0.5103   0.02324    0.0119   0.01985
   440/999     5.06G   0.02302  0.008589  0.006027  0.007408   0.04505        59       416    0.4998     0.809    0.7457    0.5103   0.02306   0.01162   0.01939
   441/999     5.06G   0.02306  0.008345  0.005656  0.007641    0.0447        62       416    0.5445    0.8197    0.7644    0.5282   0.02222   0.01136   0.01907
   442/999     5.06G    0.0249  0.009304  0.005968  0.007949   0.04812        50       416    0.5428    0.8377    0.7653    0.5224    0.0242   0.01155   0.01938
   443/999     5.06G   0.02394  0.008381  0.005522  0.007727   0.04557        52       416    0.5647    0.8503    0.7786    0.5177   0.02462   0.01177   0.01868
   444/999     5.06G   0.02368  0.008813  0.005958  0.007474   0.04593        54       416    0.5782    0.8539    0.7874    0.5385   0.02198   0.01138   0.01763
   445/999     5.06G   0.02614  0.008942   0.00543  0.007475   0.04799        62       416    0.5294    0.8255    0.7643    0.5192   0.02183   0.01158   0.01803
   446/999     5.06G    0.0243  0.009474  0.005977  0.007677   0.04743        72       416    0.5225    0.8138    0.7628    0.5183   0.02189   0.01169   0.01902
   447/999     5.06G    0.0256  0.009477  0.006336  0.008108   0.04952        64       416    0.5264    0.8301    0.7649    0.5322   0.02238   0.01174   0.01951
   448/999     5.06G   0.02433  0.009058  0.006181  0.008069   0.04764        56       416    0.5119     0.805    0.7529    0.4999   0.02311   0.01192   0.02025
   449/999     5.06G   0.02538  0.009317  0.005714  0.007773   0.04818        49       416    0.5128     0.819    0.7622    0.5323    0.0222   0.01155   0.01878
   450/999     5.06G    0.0245  0.009019  0.005115  0.007287   0.04592        41       416    0.5176    0.8187     0.759    0.5142   0.02205   0.01143   0.01861
   451/999     5.06G   0.02511  0.008454  0.005519  0.007485   0.04657        55       416    0.5323    0.8117    0.7529    0.5077   0.02278   0.01156   0.01888
   452/999     5.06G   0.02349  0.008935  0.005703  0.007397   0.04553        54       416    0.5311    0.8282    0.7698    0.5265   0.02164   0.01118    0.0188
   453/999     5.06G   0.02406   0.00903  0.005118  0.007781   0.04599        56       416    0.5288    0.8192    0.7713     0.517   0.02153   0.01122   0.01946
   454/999     5.06G   0.02258   0.00855  0.005518  0.007202   0.04385        44       416    0.5393    0.8376     0.768    0.5192   0.02174   0.01131   0.01848
   455/999     5.06G   0.02416  0.008952  0.005549  0.007746    0.0464        54       416    0.5391    0.8201    0.7625    0.5075    0.0226   0.01175   0.01808
   456/999     5.06G   0.02342   0.00903  0.005342  0.007581   0.04538        54       416     0.524    0.8288     0.765    0.5257   0.02268   0.01177    0.0181
   457/999     5.06G   0.02394  0.009002   0.00527   0.00766   0.04587        59       416    0.5575    0.8424    0.7779    0.5295   0.02291   0.01186   0.01824
   458/999     5.06G   0.02297  0.008753  0.005256  0.007463   0.04444        51       416    0.5439    0.8482     0.771    0.5105   0.02443   0.01207   0.01891
   459/999     5.06G   0.02459  0.009411  0.005381  0.007703   0.04708        55       416    0.5576    0.8494    0.7948    0.5292   0.02345   0.01161   0.01878
   460/999     5.06G   0.02438   0.00854   0.00532  0.007057    0.0453        57       416    0.5228    0.8375    0.7877    0.5273   0.02219   0.01134   0.01864
   461/999     5.06G   0.02279  0.008824  0.005107  0.007401   0.04413        46       416    0.5186    0.8194    0.7622    0.5248   0.02178    0.0113   0.01841
   462/999     5.06G   0.02258  0.008563  0.005103  0.007517   0.04376        56       416    0.5521    0.8254    0.7691    0.5331   0.02151   0.01147   0.01871
   463/999     5.06G   0.02286  0.008848  0.005472  0.007233   0.04441        49       416    0.5426    0.8386    0.7693    0.5385   0.02147   0.01133   0.01826
   464/999     5.06G   0.02364  0.008783  0.005837   0.00701   0.04527        60       416    0.5347      0.85    0.7717    0.5377   0.02182   0.01118   0.01839
   465/999     5.06G   0.02353  0.008678  0.005354  0.007362   0.04492        56       416    0.5313    0.8343     0.762    0.5313   0.02155   0.01115   0.01876
   466/999     5.06G   0.02315  0.008938  0.005635    0.0078   0.04552        45       416    0.5377    0.8332    0.7734    0.5351   0.02171   0.01135   0.01975
   467/999     5.06G   0.02591  0.008956  0.004929  0.007092   0.04689        57       416    0.5358    0.8452    0.7701     0.537   0.02235   0.01175   0.01967
   468/999     5.06G   0.02446   0.00909  0.005781  0.007322   0.04666        51       416    0.5227    0.8231    0.7666    0.5345   0.02247   0.01189   0.01926
   469/999     5.06G   0.02293  0.008407  0.005778  0.007423   0.04454        49       416    0.5219    0.8238    0.7568    0.5314   0.02215   0.01192   0.01822
   470/999     5.06G   0.02245  0.008812  0.005907  0.007203   0.04438        58       416    0.5231    0.8238    0.7715    0.5301   0.02299    0.0118   0.01863
   471/999     5.06G   0.02441    0.0094  0.005383  0.007399   0.04659        61       416    0.5209    0.8132    0.7672    0.5222     0.023   0.01162   0.02022
   472/999     5.06G   0.02352    0.0088  0.005186  0.007504   0.04501        55       416    0.5244    0.8201    0.7528    0.5104   0.02293   0.01143   0.02002
   473/999     5.06G   0.02389  0.008526   0.00521  0.007181   0.04481        61       416    0.5189    0.8194    0.7474     0.516   0.02305   0.01157   0.02008
   474/999     5.06G   0.02305  0.008843  0.005296  0.007536   0.04472        50       416    0.5239    0.8359    0.7601    0.5306   0.02196   0.01148   0.02051
   475/999     5.06G    0.0222  0.008697   0.00515   0.00714   0.04318        65       416    0.5236    0.8395     0.764    0.5326   0.02103    0.0114     0.021
   476/999     5.06G   0.02445  0.008982  0.005135  0.007322   0.04589        49       416    0.5165    0.8173    0.7615    0.5295   0.02156   0.01137   0.02014
   477/999     5.06G   0.02486  0.008945  0.005142  0.007164   0.04611        52       416    0.5284    0.8139      0.76     0.529   0.02209   0.01147   0.01898
   478/999     5.06G   0.02317  0.009046  0.005373  0.006916    0.0445        71       416    0.5426    0.8148    0.7577    0.5112   0.02255   0.01162   0.01877
   479/999     5.06G   0.02371  0.009087  0.005616   0.00737   0.04578        59       416    0.5593    0.8286    0.7703    0.5109    0.0231   0.01178   0.01839
   480/999     5.06G   0.02289  0.008687  0.005367   0.00758   0.04452        47       416    0.5208    0.8093     0.755    0.5195   0.02207   0.01133   0.01915
   481/999     5.06G   0.02338  0.008583  0.005435  0.007225   0.04462        49       416     0.517    0.8255    0.7711    0.5309   0.02151   0.01105   0.01887
   482/999     5.06G   0.02237  0.008444  0.004964  0.007151   0.04293        53       416    0.5121     0.845    0.7796    0.5384   0.02224   0.01119   0.01827
   483/999     5.06G   0.02329  0.008469  0.004959  0.006853   0.04357        60       416     0.518     0.834    0.7761     0.534    0.0221   0.01146   0.01792
   484/999     5.06G   0.02245  0.008571  0.005423  0.007405   0.04385        61       416    0.5303    0.8297    0.7769    0.5267   0.02287   0.01161   0.01832
   485/999     5.06G   0.02333  0.008331  0.005176  0.007421   0.04426        49       416    0.5325    0.8322    0.7832    0.5297   0.02319   0.01145   0.01843
   486/999     5.06G   0.02375  0.008707  0.004574  0.007061   0.04409        60       416     0.539    0.8368     0.781    0.5543   0.02188   0.01135   0.01784
   487/999     5.06G   0.02303  0.008267  0.005159  0.007072   0.04353        49       416    0.5285    0.8414    0.7778    0.5456   0.02156   0.01138   0.01808
   488/999     5.06G   0.02373  0.008798  0.004968  0.007188   0.04468        55       416    0.5217    0.8311    0.7709    0.5418   0.02174    0.0115   0.01953
   489/999     5.06G   0.02441  0.008776  0.005382  0.007404   0.04597        65       416    0.5176    0.8331    0.7774     0.543   0.02146   0.01145   0.02029
   490/999     5.06G   0.02423  0.008679  0.004996   0.00754   0.04545        58       416    0.5283    0.8276    0.7791    0.5396   0.02123   0.01159   0.01898
   491/999     5.06G   0.02163  0.008602  0.005206  0.007179   0.04261        48       416    0.5342    0.8366    0.7862    0.5501   0.02131   0.01143   0.01802
   492/999     5.06G   0.02237  0.008497  0.005139  0.007183   0.04319        49       416     0.555    0.8414    0.7897    0.5453   0.02124   0.01148   0.01806
   493/999     5.06G   0.02386   0.00912  0.004902  0.007291   0.04517        59       416    0.5354    0.8401    0.7807    0.5424   0.02077   0.01135   0.01894
   494/999     5.06G   0.02302  0.008565  0.004826  0.006827   0.04324        53       416     0.532    0.8409    0.7863     0.557   0.02097   0.01124   0.01895
   495/999     5.06G   0.02373  0.008563  0.004983  0.007179   0.04446        41       416    0.5339     0.845    0.7816    0.5522   0.02161   0.01116   0.01838
   496/999     5.06G   0.02249  0.008713  0.005287  0.007024   0.04352        57       416     0.536    0.8415    0.7814    0.5474   0.02216   0.01146   0.01873
   497/999     5.06G   0.02338  0.008889  0.005039   0.00707   0.04438        53       416    0.5394    0.8466    0.7803     0.539   0.02208   0.01165   0.01871
   498/999     5.06G   0.02197  0.008335  0.004942  0.007462    0.0427        72       416     0.564    0.8331    0.7795    0.5358   0.02197    0.0116    0.0183
   499/999     5.06G   0.02257  0.008271  0.005408  0.007317   0.04356        39       416    0.5165    0.8567    0.7836    0.5538   0.02179   0.01149   0.01801
   500/999     5.06G    0.0218  0.008906  0.005059  0.007035    0.0428        61       416    0.5227    0.8484    0.7912    0.5502   0.02142   0.01122   0.01827
   501/999     5.06G   0.02216  0.008514  0.004698  0.007043   0.04242        48       416    0.5342    0.8262    0.7796    0.5436   0.02166    0.0112   0.01795
   502/999     5.06G   0.02278   0.00836  0.005089  0.007385   0.04362        47       416    0.5481    0.8247     0.768    0.5352   0.02131   0.01101   0.01831
   503/999     5.06G   0.02237  0.008422   0.00441  0.007087   0.04229        55       416    0.5379    0.8286    0.7631    0.5313    0.0214   0.01101   0.01821
   504/999     5.06G   0.02239  0.008334  0.004955  0.007242   0.04292        46       416    0.5298    0.8334    0.7598    0.5496   0.02131   0.01112   0.01774
   505/999     5.06G   0.02173  0.008104  0.004622  0.006691   0.04114        46       416    0.5317     0.826    0.7697    0.5424   0.02189   0.01137   0.01842
   506/999     5.06G   0.02268  0.008443  0.004394  0.006828   0.04235        65       416    0.5395    0.8228    0.7785    0.5336   0.02204   0.01147   0.01837
   507/999     5.06G   0.02302  0.009004   0.00511  0.006961   0.04409        69       416    0.5463    0.8218    0.7886    0.5484    0.0213   0.01127   0.01783
   508/999     5.06G   0.02306  0.008648  0.004723  0.007017   0.04345        60       416    0.5471    0.8477    0.7925    0.5441   0.02162   0.01109   0.01864
   509/999     5.06G   0.02203  0.008682  0.004411  0.007122   0.04225        51       416     0.577    0.8536    0.7946    0.5523   0.02121     0.011   0.01908
   510/999     5.06G   0.02195  0.008686  0.004623   0.00701   0.04226        52       416    0.5348    0.8397    0.7977    0.5473   0.02105   0.01135   0.01829
   511/999     5.06G    0.0242  0.008826  0.004663  0.007158   0.04484        48       416    0.5474    0.8433    0.7957    0.5477   0.02128    0.0116   0.01798
   512/999     5.06G   0.02222  0.008765  0.004626  0.007028   0.04263        60       416    0.5462    0.8445    0.7932    0.5558   0.02087   0.01164   0.01847
   513/999     5.06G   0.02179  0.008467  0.004417  0.007073   0.04175        58       416    0.5433    0.8568    0.8044    0.5565   0.02092   0.01135   0.01874
   514/999     5.06G   0.02165  0.008277  0.004538  0.006794   0.04126        48       416     0.541     0.849    0.7915    0.5539   0.02121    0.0115   0.01878
   515/999     5.06G   0.02191  0.008435  0.004636  0.006958   0.04194        48       416    0.5769    0.8465    0.7873    0.5599    0.0213   0.01174   0.01896
   516/999     5.06G   0.02191  0.008279  0.004584  0.006831   0.04161        46       416    0.5823    0.8576    0.8133    0.5651   0.02116   0.01132   0.01838
   517/999     5.06G   0.02066  0.008149  0.004202  0.006987      0.04        48       416    0.5522    0.8582     0.811    0.5557   0.02109    0.0112   0.01841
   518/999     5.06G   0.02211   0.00845  0.004911  0.006912   0.04239        45       416    0.5446    0.8563    0.8019    0.5555   0.02191   0.01142    0.0188
   519/999     5.06G   0.02264  0.008618  0.004842  0.006882   0.04298        63       416    0.5858    0.8629    0.8161    0.5593   0.02148   0.01125   0.01831
   520/999     5.06G   0.02364  0.008327  0.005326  0.007124   0.04442        56       416    0.5506    0.8641    0.8185    0.5565   0.02162   0.01107   0.01932
   521/999     5.06G   0.02165  0.008638  0.004845  0.006886   0.04202        68       416     0.543     0.861    0.8144    0.5637   0.02123   0.01109      0.02
   522/999     5.06G   0.02211  0.008255  0.004867  0.006887   0.04211        49       416    0.5608    0.8571    0.8054     0.555     0.021   0.01123   0.01938
   523/999     5.06G   0.02102  0.008678  0.004848  0.006894   0.04144        53       416    0.5909     0.851    0.7997    0.5517   0.02092   0.01121   0.01844
   524/999     5.06G   0.02095  0.008183   0.00479   0.00692   0.04084        49       416    0.5495    0.8347     0.793    0.5567   0.02118   0.01128   0.01839
   525/999     5.06G   0.02107  0.008692   0.00444  0.006783   0.04098        60       416    0.5275    0.8422    0.7936    0.5514   0.02142   0.01125   0.01908
   526/999     5.06G   0.02069  0.008392  0.004458  0.006472   0.04001        65       416    0.5296    0.8381     0.779    0.5555   0.02117   0.01125   0.02007
   527/999     5.06G   0.02296  0.008662  0.004659  0.006802   0.04308        49       416    0.5354    0.8321    0.7655    0.5287   0.02124   0.01141   0.01992
   528/999     5.06G   0.02122  0.008224  0.004948  0.006633   0.04102        55       416    0.5361    0.8397    0.7775    0.5365   0.02103   0.01143   0.01925
   529/999     5.06G   0.02247  0.008255  0.004664  0.006956   0.04235        59       416    0.5373    0.8375    0.7862    0.5398   0.02223   0.01174   0.01887
   530/999     5.06G   0.02251  0.008301  0.004502  0.006537   0.04185        55       416     0.535    0.8314    0.7933    0.5454   0.02199   0.01156   0.01927
   531/999     5.06G    0.0206   0.00805  0.004588  0.006857    0.0401        48       416    0.5389    0.8381    0.7943    0.5485   0.02099    0.0112   0.01932
   532/999     5.06G   0.02154  0.008482  0.004385  0.006952   0.04136        54       416    0.5516    0.8432    0.7854    0.5475   0.02096   0.01118   0.01978
   533/999     5.06G   0.02146  0.008436  0.004237  0.006473    0.0406        47       416    0.5546    0.8447    0.7848    0.5462   0.02098   0.01122   0.01995
   534/999     5.06G   0.02043   0.00841  0.004231   0.00648   0.03955        46       416    0.5727    0.8396    0.7937    0.5394   0.02104   0.01113   0.01891
   535/999     5.06G   0.02092  0.008363   0.00422  0.006492   0.03999        54       416    0.5401    0.8279    0.7837    0.5317   0.02185   0.01118   0.01889
   536/999     5.06G   0.02285  0.008319  0.004848  0.006808   0.04282        50       416    0.5406      0.82    0.7809    0.5545   0.02109   0.01127   0.01862
   537/999     5.06G   0.02294   0.00822  0.004969  0.006915   0.04304        49       416    0.5407     0.815    0.7811     0.551   0.02109    0.0116   0.01869
   538/999     5.06G   0.02508  0.008557  0.004632   0.00683    0.0451        56       416    0.5455    0.8148    0.7717    0.5389   0.02085   0.01163   0.01921
   539/999     5.06G    0.0223   0.00898  0.004448  0.006554   0.04228        51       416    0.5371    0.8101     0.757    0.5437   0.02047   0.01142   0.01925
   540/999     5.06G   0.02265  0.008203  0.004272  0.006754   0.04188        46       416    0.5517    0.8163    0.7723    0.5489   0.02094   0.01155   0.01893
   541/999     5.06G   0.02209  0.008501  0.004611  0.006663   0.04187        53       416    0.5995    0.8318    0.7891    0.5463   0.02106   0.01149    0.0189
   542/999     5.06G   0.02061  0.008211  0.004626   0.00663   0.04008        40       416    0.5679    0.8373    0.7807    0.5543   0.02036   0.01132   0.01878
   543/999     5.06G   0.02084  0.008291  0.004048  0.006493   0.03967        53       416    0.5699    0.8365    0.7829    0.5605   0.02049   0.01135   0.01875
   544/999     5.06G   0.02252  0.008781  0.004713  0.006395   0.04241        48       416    0.5714    0.8474    0.8039    0.5551   0.02091    0.0114   0.01893
   545/999     5.06G   0.02173  0.008428   0.00484  0.007016   0.04201        58       416    0.5665    0.8564    0.8111    0.5646   0.02144   0.01137   0.01872
   546/999     5.06G    0.0219  0.008338  0.004173  0.006564   0.04097        62       416    0.5953    0.8548    0.8121    0.5637    0.0211   0.01128   0.01817
   547/999     5.06G   0.02199  0.008065  0.004635  0.006969   0.04166        52       416    0.5993     0.852    0.8092    0.5533   0.02103   0.01129   0.01792
   548/999     5.06G   0.02275  0.008277  0.004659  0.006751   0.04244        54       416    0.6006    0.8553    0.8054    0.5474   0.02083   0.01124   0.01811
   549/999     5.06G   0.02033  0.008531  0.004008  0.006634    0.0395        55       416    0.5892    0.8456    0.7879    0.5501   0.02039   0.01109   0.01869
   550/999     5.06G   0.02042  0.007898  0.004539  0.006714   0.03957        50       416    0.5854     0.853    0.8017    0.5514   0.02071   0.01118   0.01887
   551/999     5.06G   0.02181  0.008394  0.004707  0.007068   0.04198        44       416    0.5808     0.837    0.7894    0.5559   0.02128   0.01153   0.01916
   552/999     5.06G   0.02239   0.00818  0.004508  0.006642   0.04172        62       416    0.5947    0.8492    0.7923    0.5579   0.02139   0.01161   0.01912
   553/999     5.06G   0.02066  0.008175  0.004487  0.006575    0.0399        62       416    0.5905    0.8506    0.8013    0.5689   0.02083   0.01128    0.0188
   554/999     5.06G   0.02182  0.008426   0.00423  0.006604   0.04108        64       416    0.5892    0.8615    0.8125      0.57   0.02028   0.01096   0.01885
   555/999     5.06G   0.02049  0.008356  0.004159  0.006553   0.03955        46       416    0.5793    0.8551     0.805    0.5663   0.02005   0.01095   0.01897
   556/999     5.06G    0.0212  0.008244  0.004255  0.006556   0.04025        56       416    0.5737    0.8555    0.8033    0.5728   0.02054   0.01099    0.0187
   557/999     5.06G   0.02222  0.008436  0.003997  0.006516   0.04116        42       416    0.5757    0.8496    0.7954    0.5711   0.02056   0.01098   0.01883
   558/999     5.06G   0.02277  0.008401  0.004302  0.006431    0.0419        53       416    0.5837    0.8477     0.808    0.5678   0.02053   0.01101   0.01896
   559/999     5.06G    0.0205  0.008258  0.004439   0.00635   0.03955        48       416    0.5866    0.8494    0.8027    0.5604   0.02056    0.0111   0.01957
   560/999     5.06G    0.0214  0.008055  0.004193  0.006976   0.04062        48       416     0.592    0.8481       0.8    0.5675   0.02049   0.01126   0.01929
   561/999     5.06G   0.02148  0.008079  0.004354  0.006862   0.04077        63       416    0.5558    0.8499    0.7975    0.5615   0.02064   0.01141   0.01846
   562/999     5.06G   0.02104  0.007901  0.004483   0.00641   0.03983        48       416    0.5523     0.843    0.7918    0.5562   0.02101   0.01147   0.01841
   563/999     5.06G   0.02105  0.008046  0.004294  0.006732   0.04012        52       416    0.5483    0.8286    0.7705    0.5467   0.02143   0.01163   0.01917
   564/999     5.06G   0.01935  0.007843  0.004164  0.006453   0.03781        48       416    0.5473     0.831    0.7759    0.5524   0.02119   0.01169   0.01952
   565/999     5.06G   0.02137  0.008654  0.004299  0.006935   0.04126        62       416    0.5482    0.8384    0.7958    0.5596   0.02072   0.01148   0.01996
   566/999     5.06G    0.0212  0.008015  0.004608  0.006616   0.04043        41       416    0.5786    0.8446    0.7953    0.5684   0.02057   0.01127   0.01933
   567/999     5.06G   0.02213   0.00825  0.004801  0.006549   0.04173        49       416    0.5914    0.8357    0.7954    0.5725   0.02118   0.01151   0.01862
   568/999     5.06G   0.02082  0.008486  0.003962  0.006332    0.0396        68       416    0.5892    0.8329     0.794    0.5745   0.02079   0.01124   0.01831
   569/999     5.06G   0.02033  0.008184  0.004139  0.006639    0.0393        48       416    0.5589     0.853    0.8072    0.5689   0.02051   0.01093   0.01844
   570/999     5.06G     0.022  0.008208  0.004116  0.006444   0.04076        51       416     0.553     0.843    0.7939    0.5709   0.02059   0.01101   0.01843
   571/999     5.06G   0.02136  0.008161  0.004524  0.007054    0.0411        60       416    0.5545      0.85    0.8046    0.5696   0.02076   0.01115   0.01846
   572/999     5.06G   0.02047  0.008309  0.004197  0.006749   0.03973        56       416    0.5558     0.835    0.7984    0.5561    0.0216    0.0116   0.01861
   573/999     5.06G   0.02114  0.008257  0.004306  0.006582   0.04028        62       416    0.5557     0.814    0.7898    0.5441   0.02185   0.01183   0.01952
   574/999     5.06G    0.0207  0.007743  0.004104  0.007051    0.0396        38       416    0.5579    0.8348    0.7863    0.5413   0.02168    0.0118   0.02013
   575/999     5.06G   0.02142  0.008199  0.004175    0.0066   0.04039        53       416      0.55    0.8279    0.7819    0.5505   0.02116    0.0116   0.02072
   576/999     5.06G   0.02023  0.008299  0.004327  0.006653   0.03951        41       416    0.5423    0.8451    0.7862    0.5434   0.02083   0.01144   0.02076
   577/999     5.06G   0.02024  0.008155  0.004156  0.006466   0.03902        39       416    0.5698    0.8504    0.7908    0.5423   0.02082   0.01125   0.02006
   578/999     5.06G   0.02131  0.008104  0.003822  0.006187   0.03942        59       416    0.5746      0.86    0.8048    0.5567    0.0207   0.01117   0.01936
   579/999     5.06G   0.02143  0.008147  0.004051  0.006374      0.04        49       416    0.5814    0.8591    0.7955    0.5537   0.02029   0.01121   0.01947
   580/999     5.06G   0.02082  0.008045   0.00417  0.006399   0.03943        39       416    0.5727    0.8483    0.7959    0.5542   0.02032   0.01122   0.01958
   581/999     5.06G   0.02006  0.008227  0.003727   0.00643   0.03845        62       416     0.577    0.8489    0.7943    0.5518   0.02019   0.01119   0.01938
   582/999     5.06G   0.01958  0.008118  0.003892  0.006222   0.03781        46       416    0.5798    0.8408    0.7977    0.5494   0.02022   0.01119   0.01872
   583/999     5.06G    0.0202  0.007935  0.004076  0.006355   0.03856        50       416    0.5951    0.8493    0.8096    0.5661    0.0204   0.01103   0.01841
   584/999     5.06G    0.0211  0.007813  0.003928  0.006525   0.03937        48       416    0.5953    0.8541      0.81    0.5715   0.02065   0.01102   0.01848
   585/999     5.06G    0.0209  0.008254  0.004291  0.006284   0.03973        45       416    0.5994    0.8567    0.8098    0.5636    0.0211   0.01108   0.01822
   586/999     5.06G    0.0206  0.008394  0.004006  0.006373   0.03937        52       416    0.6165     0.858    0.8106    0.5748   0.02077   0.01107   0.01762
   587/999     5.06G   0.02239  0.008362   0.00377  0.006292   0.04082        63       416    0.6145     0.858    0.8157    0.5747   0.02071   0.01105   0.01747
   588/999     5.06G   0.01991  0.007961  0.004021  0.006438   0.03833        55       416    0.5567    0.8525    0.8052    0.5683   0.02084   0.01104   0.01763
   589/999     5.06G   0.01945  0.008291     0.004  0.006513   0.03826        56       416    0.6016    0.8637    0.8171    0.5714   0.02041   0.01096    0.0177
   590/999     5.06G   0.02177  0.008134  0.003676  0.006527   0.04011        43       416    0.6015    0.8661    0.8156    0.5668   0.02043   0.01089   0.01791
   591/999     5.06G   0.02035  0.008006  0.004267  0.006156   0.03878        54       416    0.5945    0.8607    0.8172    0.5649   0.02033   0.01084   0.01797
   592/999     5.06G   0.01975  0.008085  0.003839  0.006285   0.03796        49       416    0.5939    0.8667    0.8058    0.5572   0.02028   0.01089   0.01838
   593/999     5.06G   0.01964  0.008204   0.00384  0.006104   0.03779        47       416     0.592    0.8616    0.8012    0.5503   0.02035     0.011   0.01858
   594/999     5.06G   0.02059  0.007894  0.003878  0.006217   0.03858        47       416    0.5877    0.8533    0.7973     0.563   0.02075   0.01117   0.01902
   595/999     5.06G   0.02225   0.00822  0.003877  0.006578   0.04093        62       416    0.5949    0.8573    0.8113    0.5647   0.02117   0.01134   0.01968
   596/999     5.06G   0.02043  0.008301  0.004486  0.006405   0.03962        48       416    0.5723    0.8547    0.8074    0.5656   0.02054   0.01129   0.01982
   597/999     5.06G   0.01944   0.00796  0.003932  0.006056   0.03739        51       416    0.5982    0.8413    0.8011     0.558    0.0203   0.01116   0.01943
   598/999     5.06G   0.02039  0.008152  0.004016  0.006392   0.03895        51       416    0.6063    0.8479    0.8026    0.5633   0.02003   0.01115   0.01901
   599/999     5.06G   0.01961     0.008  0.003725  0.006565    0.0379        60       416    0.5969    0.8414    0.7891    0.5593   0.01987    0.0112   0.01846
   600/999     5.06G   0.02013  0.008049  0.003764  0.006421   0.03837        65       416    0.5989    0.8499    0.8083    0.5669   0.01996   0.01117   0.01857
   601/999     5.06G   0.02242  0.008207  0.003701  0.007007   0.04134        44       416    0.5921    0.8456    0.8041    0.5526   0.02013   0.01122   0.01879
   602/999     5.06G   0.01998  0.008204  0.003596  0.006561   0.03834        58       416    0.5981    0.8514    0.8077    0.5529   0.02001   0.01128    0.0189
   603/999     5.06G   0.02035  0.007993  0.003651  0.006528   0.03852        51       416    0.6022    0.8461    0.8025    0.5484   0.02017   0.01128   0.01907
   604/999     5.06G    0.0196  0.007666   0.00386   0.00647   0.03759        56       416    0.6104    0.8522    0.8118    0.5659   0.02039    0.0114   0.01906
   605/999     5.06G   0.01985  0.008156  0.003677  0.006351   0.03803        66       416    0.6025    0.8527    0.8098    0.5718   0.02053   0.01146   0.01946
   606/999     5.06G   0.02012  0.008429  0.004344  0.006415   0.03931        48       416    0.6012    0.8461    0.8109    0.5768   0.02017   0.01144   0.01981
   607/999     5.06G   0.01959  0.007891   0.00409  0.006459   0.03803        42       416     0.611    0.8545    0.8125    0.5728   0.02004   0.01144   0.02007
   608/999     5.06G   0.02123  0.007843  0.003923  0.006858   0.03985        43       416    0.5763    0.8448    0.8043    0.5507   0.02056   0.01139   0.02009
   609/999     5.06G   0.02067  0.007866  0.004317  0.006428   0.03928        52       416    0.5726    0.8435    0.8062    0.5602   0.02041   0.01137   0.02006
   610/999     5.06G   0.02001  0.008096  0.003831  0.006348   0.03829        47       416    0.5748    0.8477    0.8041    0.5645   0.02035   0.01129    0.0196
   611/999     5.06G   0.02035  0.007886  0.004129  0.006527   0.03889        49       416    0.5637    0.8427    0.7951    0.5661   0.02025   0.01105   0.01911
   612/999     5.06G   0.02109  0.008222  0.004059  0.006588   0.03996        53       416    0.6025    0.8444    0.8034    0.5732      0.02   0.01088   0.01869
   613/999     5.06G   0.01926  0.007706  0.003678  0.006386   0.03703        40       416    0.6003    0.8549    0.8055    0.5539   0.02009   0.01101   0.01896
   614/999     5.06G    0.0195  0.007882  0.003623  0.006419   0.03742        41       416     0.594    0.8469    0.7987     0.557   0.02027   0.01115   0.01899
   615/999     5.06G   0.02091  0.008096  0.003854  0.006132   0.03899        52       416    0.5943    0.8426    0.7965    0.5584   0.02033   0.01126   0.01919
   616/999     5.06G   0.02044  0.008285  0.003864  0.005968   0.03856        60       416    0.5942    0.8416    0.7959    0.5607   0.02041   0.01125   0.01966
   617/999     5.06G   0.02126  0.007843  0.003959  0.006453   0.03952        48       416    0.5985    0.8374    0.8057    0.5686    0.0205   0.01115   0.01937
   618/999     5.06G   0.02032  0.008076  0.003857  0.006282   0.03853        58       416    0.5993    0.8436    0.8064     0.564   0.02021   0.01112   0.01922
   619/999     5.06G   0.02005  0.007912  0.004004  0.006171   0.03814        66       416    0.5981    0.8394    0.8069    0.5765   0.01991   0.01115   0.01863
   620/999     5.06G   0.02079  0.007732  0.003661  0.006385   0.03856        49       416    0.5997      0.85     0.809    0.5744   0.01986   0.01123   0.01837
   621/999     5.06G   0.01949  0.007849  0.003506  0.006225   0.03707        64       416    0.6043    0.8549     0.808    0.5706   0.01975    0.0112   0.01864
   622/999     5.06G   0.01905  0.007726  0.003728  0.006275   0.03678        53       416    0.5961    0.8599    0.8023    0.5669   0.01961   0.01101   0.01908
   623/999     5.06G   0.01935   0.00792  0.003725  0.005963   0.03695        51       416     0.593    0.8595     0.803    0.5618   0.01966   0.01089   0.01948
   624/999     5.06G   0.01904  0.008073  0.003976  0.006089   0.03717        56       416    0.5926    0.8496    0.8057    0.5678   0.01953   0.01087    0.0198
   625/999     5.06G   0.01969  0.008116  0.003989  0.006325   0.03812        66       416    0.5948    0.8448    0.8074    0.5615   0.01977   0.01103   0.01974
   626/999     5.06G   0.02029  0.008047  0.004034  0.006257   0.03863        62       416    0.5934    0.8492    0.8038    0.5549   0.01994   0.01111   0.01981
   627/999     5.06G   0.02014  0.007956  0.003959  0.006189   0.03824        47       416    0.5886    0.8504    0.7949    0.5571   0.02014   0.01106   0.01965
   628/999     5.06G   0.01966  0.007622  0.003741  0.006069   0.03709        57       416    0.5973    0.8522    0.7993    0.5638   0.01974   0.01094   0.01947
   629/999     5.06G   0.02118  0.008234  0.003463  0.006195   0.03907        44       416    0.6062    0.8556    0.8055    0.5672   0.01988   0.01091    0.0191
   630/999     5.06G   0.02041   0.00781  0.003891  0.006225   0.03833        62       416    0.6042    0.8532    0.8056    0.5635   0.01967   0.01081   0.01862
   631/999     5.06G   0.01975  0.008208  0.003558  0.006056   0.03758        64       416    0.5903    0.8566     0.807    0.5603   0.01955   0.01069   0.01841
   632/999     5.06G   0.02069  0.007854  0.003348  0.005847   0.03774        49       416    0.5884    0.8535    0.8191    0.5635   0.01969   0.01072   0.01825
   633/999     5.06G   0.02075   0.00805  0.003841  0.006106   0.03874        53       416    0.5924    0.8628    0.8147     0.564   0.01985   0.01088   0.01795
   634/999     5.06G   0.01995   0.00784  0.003483  0.006263   0.03754        57       416    0.6052    0.8613    0.8165    0.5593   0.02026   0.01112     0.018
   635/999     5.06G   0.01992  0.007813  0.003413  0.005961   0.03711        52       416    0.6023    0.8446    0.8082    0.5508   0.02051   0.01135   0.01823
   636/999     5.06G   0.01883  0.008298  0.003667  0.006241   0.03703        45       416    0.6029    0.8441    0.8148    0.5625   0.02032   0.01136   0.01822
   637/999     5.06G   0.01939  0.007685   0.00358  0.006759   0.03742        41       416    0.5869    0.8378    0.8069    0.5592   0.02005   0.01117   0.01836
   638/999     5.06G   0.01921  0.007846  0.003707  0.006108   0.03687        53       416    0.5796    0.8372    0.7876    0.5555   0.01988   0.01109    0.0186
   639/999     5.06G   0.01926  0.007734  0.003725  0.006023   0.03675        56       416     0.593    0.8474    0.8037    0.5571   0.01995   0.01104   0.01851
   640/999     5.06G   0.01885   0.00813  0.003548  0.005881   0.03641        61       416    0.6073    0.8525    0.8104    0.5624   0.01985   0.01104   0.01849
   641/999     5.06G   0.02101   0.00795  0.004012  0.006236   0.03921        46       416    0.6159     0.852    0.8093    0.5683   0.01978   0.01097   0.01867
   642/999     5.06G   0.01986  0.007837  0.004017  0.005968   0.03768        47       416    0.6088    0.8511    0.8082    0.5683   0.01974   0.01079   0.01899
   643/999     5.06G   0.01989  0.007821  0.003931  0.006088   0.03773        60       416    0.5947    0.8527    0.8075    0.5763   0.01952   0.01069   0.01899
   644/999     5.06G   0.02065  0.008112  0.003515  0.006114   0.03839        64       416    0.5908    0.8496    0.8123     0.579   0.01961   0.01068   0.01934
   645/999     5.06G   0.01967   0.00802  0.003761  0.006316   0.03777        48       416    0.5931    0.8534    0.8114    0.5746   0.01963   0.01073   0.01943
   646/999     5.06G   0.02037  0.008125  0.003593  0.006206    0.0383        56       416    0.6042    0.8596     0.814    0.5666   0.01979    0.0108   0.01923
   647/999     5.06G   0.01876  0.007832  0.003213  0.006154   0.03596        46       416     0.611    0.8612    0.8159    0.5684   0.02005   0.01096   0.01884
   648/999     5.06G   0.01918  0.007638  0.003208  0.005896   0.03593        45       416    0.6115    0.8611    0.8116    0.5656   0.01986   0.01096   0.01843
   649/999     5.06G   0.01971  0.007854  0.003508  0.006467   0.03754        64       416    0.6083    0.8586    0.8131    0.5673   0.01982   0.01097   0.01831
   650/999     5.06G   0.01904  0.008051  0.003367  0.005877   0.03633        49       416    0.6018    0.8522    0.8086    0.5721   0.01959   0.01102   0.01844
   651/999     5.06G    0.0192  0.007863  0.003326  0.005915    0.0363        55       416    0.6087    0.8535    0.8082    0.5656   0.01955   0.01105   0.01851
   652/999     5.06G   0.01894  0.008103  0.004131  0.005865   0.03704        52       416    0.6047    0.8539    0.8114    0.5678   0.01966   0.01099   0.01849
   653/999     5.06G   0.01916  0.007867  0.003706  0.005984   0.03672        61       416    0.6027    0.8517    0.8149    0.5658   0.01966   0.01092   0.01883
   654/999     5.06G   0.01951  0.008158  0.003637  0.005936   0.03724        54       416    0.5729    0.8553    0.8153    0.5659   0.01978   0.01085   0.01893
   655/999     5.06G   0.01919   0.00786  0.003342  0.006179   0.03657        41       416    0.5758    0.8536    0.8142    0.5606   0.01981   0.01083   0.01868
   656/999     5.06G   0.01844   0.00804  0.002981  0.006013   0.03547        64       416    0.6112    0.8394    0.8004    0.5648   0.01972   0.01081   0.01843
   657/999     5.06G   0.01954  0.007926  0.003575  0.005766   0.03681        53       416    0.6197      0.85    0.8115    0.5649   0.01957   0.01081   0.01821
   658/999     5.06G   0.01957  0.007998  0.003679   0.00596   0.03721        53       416    0.6173    0.8432    0.8109     0.575   0.01954   0.01093   0.01807
   659/999     5.06G   0.01889  0.007968  0.003502  0.006243   0.03661        51       416    0.6172    0.8392    0.8061    0.5747   0.01952   0.01102   0.01823
   660/999     5.06G   0.01947  0.008126  0.003347  0.005991   0.03694        52       416     0.615    0.8518    0.8082    0.5662   0.01952   0.01103   0.01848
   661/999     5.06G   0.01906  0.007819  0.003201  0.005886   0.03597        47       416    0.6092    0.8454    0.8011    0.5724   0.01962   0.01102   0.01864
   662/999     5.06G   0.01853  0.007543  0.003291  0.005897   0.03526        57       416     0.603    0.8542    0.8119    0.5754    0.0196   0.01093   0.01862
   663/999     5.06G   0.02021  0.008031  0.003575  0.006285    0.0381        56       416    0.5993    0.8515    0.8124    0.5763    0.0196   0.01084   0.01843
   664/999     5.06G   0.01907  0.007615  0.003588   0.00587   0.03614        49       416     0.606    0.8552    0.8145    0.5813   0.01945    0.0109   0.01805
   665/999     5.06G   0.01899   0.00734  0.003528  0.005738    0.0356        50       416    0.6051    0.8515    0.8143    0.5747   0.01953   0.01098   0.01782
   666/999     5.06G   0.01961  0.007862  0.003494  0.006254   0.03721        60       416    0.6029    0.8474     0.814    0.5716   0.01947   0.01098   0.01784
   667/999     5.06G   0.01821  0.007902  0.003351  0.005969   0.03543        52       416    0.6113    0.8558     0.815    0.5689   0.01953   0.01096   0.01777
   668/999     5.06G   0.01857  0.007378  0.003243  0.005556   0.03474        43       416    0.6012    0.8533    0.8165    0.5712   0.01968   0.01092    0.0181
   669/999     5.06G   0.02031  0.008078  0.003298  0.005922   0.03761        58       416    0.6027    0.8499    0.8145    0.5726   0.01966   0.01089   0.01845
   670/999     5.06G   0.02026  0.008045  0.003902   0.00628   0.03849        67       416     0.612    0.8437    0.8097    0.5628   0.01963   0.01093   0.01849
   671/999     5.06G   0.01839   0.00751  0.003645  0.005816   0.03536        60       416    0.6132     0.836    0.8065    0.5609    0.0196   0.01087   0.01894
   672/999     5.06G    0.0191  0.007674  0.003192  0.005773   0.03574        53       416    0.6114    0.8399    0.8075    0.5601   0.01938   0.01087   0.01908
   673/999     5.06G   0.01859   0.00779  0.003324  0.005936   0.03564        55       416    0.6158     0.851    0.8109    0.5648   0.01928   0.01084   0.01912
   674/999     5.06G   0.01839  0.007721  0.003605  0.006041   0.03576        46       416     0.611    0.8491    0.8088    0.5717   0.01926   0.01085   0.01946
   675/999     5.06G    0.0185  0.007637  0.003937  0.006016   0.03609        63       416    0.6186    0.8622    0.8111    0.5738   0.01913   0.01084   0.01955
   676/999     5.06G   0.01809  0.007939  0.003561  0.005956   0.03554        53       416    0.6199    0.8593    0.8145    0.5742   0.01921   0.01086   0.01937
   677/999     5.06G   0.01885  0.007905  0.004159   0.00586   0.03677        53       416    0.6246    0.8519    0.8233    0.5728   0.01948    0.0109   0.01914
   678/999     5.06G   0.01929  0.007872  0.003653  0.005884   0.03669        66       416    0.6327    0.8414    0.8185    0.5715   0.01964   0.01103   0.01907
   679/999     5.06G   0.01811   0.00772  0.004025  0.005739    0.0356        54       416    0.5972    0.8354    0.8181     0.571   0.01983   0.01102   0.01916
   680/999     5.06G   0.01847  0.007801  0.003552  0.006027   0.03585        58       416    0.6418     0.845    0.8035    0.5646   0.01986   0.01097   0.01918
   681/999     5.06G   0.01809  0.007568  0.003502  0.005967   0.03512        45       416    0.6424    0.8443      0.82    0.5748   0.01998   0.01094    0.0191
   682/999     5.06G   0.01963  0.007962  0.003712  0.006071   0.03738        65       416    0.6406    0.8494    0.8164    0.5716   0.01975   0.01085   0.01854
   683/999     5.06G   0.02069  0.007698  0.003813  0.006662   0.03886        51       416    0.6222    0.8395    0.8005     0.566   0.01969   0.01084   0.01829
   684/999     5.06G   0.01822  0.007714  0.003436  0.005767   0.03513        51       416    0.6159    0.8568    0.8186    0.5687   0.02002   0.01085   0.01813
   685/999     5.06G   0.01799  0.007759  0.003391  0.005814   0.03496        49       416    0.6052    0.8459    0.8127    0.5592   0.02018   0.01102   0.01908
   686/999     5.06G   0.01915  0.007793  0.003228  0.005848   0.03602        53       416    0.6017    0.8454     0.814    0.5679    0.0203    0.0112   0.01933
   687/999     5.06G   0.01887  0.007861  0.003321  0.005972   0.03602        46       416    0.6244    0.8556    0.8141    0.5725   0.02028   0.01127   0.01908
   688/999     5.06G   0.01888  0.008039  0.003188  0.005951   0.03606        50       416    0.5818     0.849    0.8084    0.5634   0.02075   0.01129   0.01939
   689/999     5.06G   0.01789  0.007533  0.003157  0.005887   0.03446        48       416    0.5829    0.8467    0.8074    0.5698   0.02059   0.01119   0.01898
   690/999     5.06G   0.01887  0.007819  0.003555  0.005987   0.03623        44       416    0.5881    0.8448    0.8093    0.5713    0.0202   0.01113    0.0188
   691/999     5.06G   0.01837  0.008074  0.003404  0.005816   0.03566        53       416    0.6312    0.8518    0.8125    0.5666   0.02001   0.01109   0.01881
   692/999     5.06G   0.01807  0.007445  0.003353  0.005841   0.03471        49       416     0.631    0.8567     0.818    0.5804   0.01987   0.01096   0.01867
   693/999     5.06G   0.01834  0.007271  0.003402   0.00573   0.03474        42       416    0.6141    0.8558    0.8182     0.571   0.01953   0.01079   0.01855
   694/999     5.06G   0.01925  0.007653  0.003011  0.005752   0.03567        57       416    0.5971    0.8588    0.8201    0.5734   0.01947    0.0107    0.0184
   695/999     5.06G    0.0184  0.007753  0.003344   0.00578   0.03528        50       416    0.5891    0.8567    0.8212    0.5711   0.01943   0.01066    0.0184
   696/999     5.06G   0.01754  0.007541   0.00301  0.005671   0.03377        38       416     0.589    0.8599    0.8201    0.5747   0.01913   0.01063   0.01847
   697/999     5.06G   0.01813  0.007511  0.003137  0.005901   0.03468        50       416    0.5969    0.8655    0.8202    0.5745   0.01888   0.01064   0.01832
   698/999     5.06G   0.01922  0.007372  0.003267  0.005857   0.03572        56       416    0.6008    0.8686    0.8216    0.5772   0.01888   0.01068   0.01795
   699/999     5.06G   0.01827  0.007735  0.003239  0.005739   0.03499        53       416    0.5992    0.8647    0.8195    0.5737   0.01894   0.01069   0.01759
   700/999     5.06G   0.01893  0.007718  0.003465  0.005618   0.03573        56       416    0.6062    0.8649    0.8157    0.5854   0.01895   0.01075   0.01747
   701/999     5.06G    0.0186  0.007783  0.003168   0.00569   0.03524        55       416    0.6073     0.858    0.8143    0.5875   0.01902   0.01082   0.01771
   702/999     5.06G   0.01842  0.007426  0.002899  0.005831   0.03457        58       416    0.6073    0.8582    0.8179    0.5786   0.01921   0.01087    0.0181
   703/999     5.06G   0.01771  0.007692  0.003512  0.005623   0.03454        60       416    0.5942    0.8603    0.8187    0.5753    0.0194   0.01087   0.01854
   704/999     5.06G   0.01883  0.007436  0.003099  0.005691   0.03505        49       416    0.5874    0.8603     0.816     0.576   0.01955   0.01082   0.01837
   705/999     5.06G   0.01765  0.007503   0.00334  0.005775   0.03427        46       416    0.5889    0.8547    0.8149    0.5791   0.01937   0.01071   0.01834
   706/999     5.06G   0.01832  0.007447  0.002973  0.005628   0.03437        42       416    0.6029      0.86     0.819    0.5809   0.01938   0.01077   0.01859
   707/999     5.06G   0.01794  0.007731  0.003283  0.005647    0.0346        59       416    0.6116    0.8538    0.8165    0.5806   0.01953   0.01088   0.01893
   708/999     5.06G   0.01881  0.007842  0.003077  0.005538   0.03527        61       416    0.6142    0.8526    0.8178    0.5806   0.01953   0.01093   0.01885
   709/999     5.06G   0.01833  0.007719  0.003467  0.005614   0.03513        47       416    0.6132    0.8569    0.8183    0.5799   0.01933    0.0109   0.01848
   710/999     5.06G   0.01842  0.007432  0.003416   0.00573     0.035        51       416    0.6227    0.8543    0.8188    0.5858   0.01913   0.01092   0.01842
   711/999     5.06G   0.01728   0.00739  0.002848  0.005528   0.03305        49       416    0.6259     0.857     0.819    0.5915   0.01901   0.01095   0.01845
   712/999     5.06G   0.01936  0.008086  0.003305  0.005968   0.03672        67       416    0.6266    0.8556    0.8237    0.5877   0.01912   0.01095   0.01831
   713/999     5.06G    0.0184  0.007451  0.003079  0.005472    0.0344        60       416    0.6265    0.8565    0.8213    0.5804   0.01914    0.0109   0.01826
   714/999     5.06G   0.01839  0.007496  0.003078  0.005675   0.03463        55       416    0.6282    0.8534    0.8188    0.5815   0.01912   0.01088   0.01839
   715/999     5.06G   0.01832  0.007296  0.003005   0.00559   0.03421        44       416    0.6251    0.8507     0.811    0.5812   0.01935   0.01095   0.01853
   716/999     5.06G   0.01755  0.007633   0.00317  0.005678   0.03403        51       416    0.6157    0.8581    0.8117    0.5813   0.01927   0.01089   0.01825
   717/999     5.06G   0.01899  0.007816   0.00313  0.005797   0.03573        52       416    0.6082    0.8609    0.8117    0.5758   0.01924    0.0109   0.01789
   718/999     5.06G   0.01805  0.007805  0.002846  0.005503   0.03421        55       416    0.6047    0.8589    0.8111    0.5729   0.01935   0.01096   0.01783
   719/999     5.06G   0.01877  0.007219  0.002915  0.005613   0.03452        46       416    0.6111    0.8578    0.8095    0.5798    0.0195    0.0111   0.01776
   720/999     5.06G   0.01756  0.007623  0.003234  0.005577   0.03399        49       416    0.6088    0.8558    0.8084    0.5839   0.01956   0.01113   0.01771
   721/999     5.06G   0.01868  0.007861  0.002953  0.005791   0.03528        65       416    0.6025    0.8597     0.809    0.5844   0.01949   0.01106   0.01768
   722/999     5.06G   0.01789    0.0075  0.003485  0.005748   0.03462        51       416    0.6065     0.863    0.8104    0.5801   0.01923     0.011   0.01765
   723/999     5.06G   0.01757  0.007763  0.002835  0.005478   0.03365        56       416    0.6085    0.8635    0.8077    0.5796   0.01923   0.01108    0.0176
   724/999     5.06G   0.01762  0.007255  0.002766  0.005555    0.0332        51       416    0.6108    0.8576    0.8174    0.5812   0.01936   0.01112   0.01764
   725/999     5.06G   0.01741  0.007311  0.003152  0.005697   0.03357        48       416    0.6093    0.8563    0.8154    0.5817   0.01942   0.01108   0.01764
   726/999     5.06G    0.0173   0.00749  0.003027  0.005471   0.03328        60       416    0.6082     0.856    0.8066    0.5798   0.01939   0.01097   0.01777
   727/999     5.06G   0.01923  0.007594  0.003008  0.005534   0.03536        64       416     0.604    0.8588    0.8077    0.5792   0.01942   0.01088   0.01772
   728/999     5.06G   0.01783  0.007688  0.002973  0.005485   0.03397        72       416    0.5941    0.8577    0.8079    0.5847   0.01938   0.01085   0.01754
   729/999     5.06G   0.01727  0.007549  0.003183  0.005344   0.03335        50       416    0.5927    0.8584    0.8086    0.5817   0.01931   0.01077   0.01756
   730/999     5.06G   0.01765  0.007112  0.002923  0.005599   0.03329        52       416    0.5954    0.8617    0.8106    0.5793   0.01925   0.01072   0.01777
   731/999     5.06G   0.01781  0.007785  0.003112  0.005843   0.03455        59       416    0.6049    0.8602    0.8196    0.5765   0.01911   0.01068   0.01798
   732/999     5.06G   0.01727  0.007574  0.003101   0.00553   0.03347        63       416    0.6046      0.86    0.8005    0.5565   0.01917   0.01072    0.0179
   733/999     5.06G   0.01743  0.007346  0.002971  0.005435   0.03318        45       416    0.6002    0.8602       0.8    0.5554   0.01909   0.01072   0.01769
   734/999     5.06G    0.0174    0.0074  0.003082  0.005384   0.03327        52       416    0.6071    0.8666    0.8008     0.556   0.01901   0.01064   0.01807
   735/999     5.06G   0.01768   0.00738  0.002785  0.005527   0.03337        48       416    0.6142     0.865    0.8013    0.5557   0.01907   0.01064   0.01863
   736/999     5.06G   0.01928  0.007667   0.00309  0.005645   0.03568        66       416    0.6181    0.8644    0.7994    0.5597   0.01922    0.0107   0.01881
   737/999     5.06G    0.0179  0.007365   0.00308  0.005773   0.03411        59       416    0.6219    0.8591    0.7957    0.5536   0.01946   0.01082   0.01908
   738/999     5.06G   0.01753  0.007322  0.002832  0.005703   0.03339        57       416    0.6277    0.8597     0.816    0.5709   0.01954   0.01087   0.01918
   739/999     5.06G    0.0171  0.007878  0.002583  0.005271   0.03283        67       416    0.6223    0.8552    0.8165    0.5764   0.01935   0.01089   0.01877
   740/999     5.06G   0.01756  0.007258  0.002866  0.005747   0.03344        63       416    0.6139    0.8527    0.8166    0.5753   0.01907   0.01089   0.01831
   741/999     5.06G   0.01765  0.007424  0.003574  0.005827   0.03448        53       416    0.6112    0.8502    0.8177    0.5836   0.01906   0.01095   0.01794
   742/999     5.06G   0.01743  0.007679  0.002926  0.005378   0.03341        58       416    0.6173    0.8498    0.8164    0.5829   0.01925   0.01107   0.01769
   743/999     5.06G   0.01735  0.007437  0.002924  0.005428   0.03314        54       416    0.6218    0.8534    0.8175    0.5854   0.01927   0.01111   0.01764
   744/999     5.06G   0.01852  0.007486  0.003208  0.005766   0.03498        50       416    0.6142    0.8493    0.8154      0.58   0.01919   0.01111   0.01794
   745/999     5.06G   0.01692  0.007312  0.003018  0.005554   0.03281        47       416    0.6123    0.8532    0.8158      0.58   0.01916   0.01106   0.01832
   746/999     5.06G   0.01692  0.007269  0.003097  0.005481   0.03276        59       416    0.6194    0.8579    0.8147    0.5817   0.01906   0.01108    0.0185
   747/999     5.06G   0.01873  0.007743    0.0031  0.005662   0.03524        54       416    0.6252      0.86    0.8148    0.5843   0.01893    0.0111    0.0184
   748/999     5.06G     0.018  0.007449  0.002809  0.005626   0.03388        63       416    0.6307    0.8589    0.8165    0.5837   0.01881   0.01103   0.01821
   749/999     5.06G   0.01708   0.00741  0.002915  0.005619   0.03302        53       416    0.6263     0.856    0.8145    0.5836   0.01881   0.01101     0.018
   750/999     5.06G   0.01697  0.007137  0.002918  0.005477    0.0325        54       416    0.6317    0.8568    0.8169    0.5872   0.01873   0.01095   0.01778
   751/999     5.06G   0.01718  0.007598  0.003084  0.005659   0.03352        52       416     0.632    0.8566    0.8147    0.5871    0.0189   0.01097   0.01785
   752/999     5.06G   0.01672  0.007263  0.002838  0.005441   0.03226        47       416    0.6364    0.8533    0.8143    0.5816   0.01897   0.01098   0.01816
   753/999     5.06G   0.01761  0.007634  0.003073  0.005444   0.03376        62       416    0.6308    0.8534    0.8132    0.5833   0.01897   0.01093   0.01837
   754/999     5.06G    0.0174  0.007142  0.002813  0.005458   0.03282        46       416    0.6294    0.8561    0.8139    0.5829   0.01889   0.01092   0.01858
   755/999     5.06G   0.01741  0.006974   0.00289  0.005513   0.03279        64       416    0.6209    0.8509    0.8167    0.5834   0.01886   0.01091   0.01866
   756/999     5.06G   0.01812  0.006767   0.00275   0.00527    0.0329        46       416    0.6164    0.8558     0.815    0.5805   0.01882    0.0109   0.01869
   757/999     5.06G   0.01817   0.00769  0.003437  0.005941   0.03524        49       416    0.6094    0.8551    0.8131    0.5787   0.01892    0.0109   0.01871
   758/999     5.06G   0.01735  0.007638    0.0029  0.005572   0.03346        51       416    0.6088    0.8527    0.8091     0.578   0.01904   0.01094   0.01858
   759/999     5.06G   0.01724  0.007575  0.003094  0.005457   0.03337        56       416    0.5988      0.85    0.8062    0.5742   0.01904   0.01095   0.01848
   760/999     5.06G    0.0177  0.007484  0.002707  0.005273   0.03316        62       416    0.5929    0.8513    0.8068    0.5746   0.01911   0.01093    0.0186
   761/999     5.06G   0.01787  0.007505  0.002825  0.005406    0.0336        59       416    0.5947    0.8505    0.8089    0.5704   0.01907   0.01088   0.01876
   762/999     5.06G   0.01678  0.007363  0.002712  0.005508   0.03237        49       416    0.5993    0.8561    0.8133    0.5694   0.01897   0.01074   0.01878
   763/999     5.06G   0.01775  0.007535  0.003031   0.00554   0.03386        52       416    0.6027    0.8592    0.8145    0.5727   0.01876   0.01063   0.01855
   764/999     5.06G   0.01692  0.007224  0.002603  0.005279   0.03203        48       416    0.6048    0.8594    0.8141    0.5707   0.01873   0.01062    0.0184
   765/999     5.06G   0.01691  0.007573  0.002893  0.005337   0.03271        66       416    0.6137    0.8577    0.8144    0.5751   0.01885   0.01071    0.0183
   766/999     5.06G   0.01799  0.007486  0.002918  0.005382   0.03378        55       416    0.6129    0.8518    0.8145    0.5807   0.01903   0.01079   0.01836
   767/999     5.06G   0.01596  0.007121  0.003012  0.005351   0.03145        51       416    0.6093    0.8524    0.8138    0.5788    0.0191   0.01084   0.01857
   768/999     5.06G   0.01633  0.007087  0.002594  0.005236   0.03125        53       416    0.6121     0.849    0.8144    0.5772   0.01911    0.0109   0.01872
   769/999     5.06G   0.01824  0.007631  0.003191  0.005628   0.03469        55       416    0.6146    0.8517    0.8142    0.5773   0.01908   0.01095   0.01853
   770/999     5.06G    0.0158  0.007266  0.002575  0.005396   0.03103        44       416    0.6269    0.8552    0.8168    0.5805   0.01907   0.01094   0.01828
   771/999     5.06G   0.01674  0.007604  0.003048  0.005608     0.033        46       416    0.6323    0.8555    0.8161    0.5852   0.01908    0.0109   0.01818
   772/999     5.06G   0.01723  0.007534  0.002965  0.005353   0.03308        45       416    0.6351     0.858    0.8199      0.59   0.01895   0.01086   0.01815
   773/999     5.06G   0.01673  0.007674  0.002568  0.005172   0.03214        58       416    0.6301    0.8548    0.8173    0.5876   0.01893   0.01086   0.01815
   774/999     5.06G   0.01671  0.007411  0.002511  0.005276   0.03191        44       416    0.6212    0.8571    0.8172    0.5844   0.01898   0.01081   0.01816
   775/999     5.06G   0.01632  0.007366  0.002755  0.005281   0.03172        48       416    0.6173    0.8576    0.8197    0.5858   0.01898   0.01073   0.01814
   776/999     5.06G   0.01738  0.007257  0.002359  0.005218   0.03222        55       416    0.6163    0.8576    0.8199    0.5844   0.01896   0.01071   0.01802
   777/999     5.06G    0.0173  0.007283  0.002885  0.005414   0.03288        53       416    0.6274    0.8584    0.8218    0.5894   0.01898   0.01073   0.01786
   778/999     5.06G   0.01738  0.006893  0.002936  0.005264   0.03248        49       416    0.6334    0.8648    0.8232    0.5857     0.019   0.01073   0.01777
   779/999     5.06G   0.01646   0.00714  0.002397  0.005222   0.03122        58       416    0.6239    0.8531    0.8196    0.5846    0.0189   0.01071    0.0178
   780/999     5.06G   0.01669  0.007196  0.002845   0.00535   0.03208        50       416    0.6126    0.8531     0.822    0.5865   0.01889    0.0107     0.018
   781/999     5.06G   0.01654  0.007289  0.002925  0.005305   0.03206        61       416     0.608    0.8579    0.8178    0.5899   0.01886   0.01069   0.01839
   782/999     5.06G    0.0173  0.007237  0.002846  0.005293   0.03268        53       416    0.6152    0.8603    0.8189    0.5847   0.01875   0.01067   0.01876
   783/999     5.06G   0.01753  0.007515  0.002908  0.005615   0.03356        48       416    0.6268    0.8618    0.8189    0.5919   0.01879   0.01076   0.01902
   784/999     5.06G   0.01676  0.007407  0.002533  0.005261   0.03196        57       416    0.6247    0.8636    0.8208    0.5927   0.01882   0.01078   0.01908
   785/999     5.06G   0.01629  0.007112   0.00269  0.005242   0.03133        54       416    0.6291    0.8632    0.8203    0.5931   0.01876   0.01079   0.01911
   786/999     5.06G   0.01621  0.007487  0.002827  0.005386   0.03191        50       416    0.6335     0.863    0.8198    0.5986   0.01876   0.01086   0.01918
   787/999     5.06G   0.01763  0.007354   0.00252  0.005159   0.03266        49       416    0.6354      0.86    0.8191    0.5939   0.01874   0.01093   0.01921
   788/999     5.06G   0.01641  0.007202   0.00277  0.005224    0.0316        53       416    0.6357    0.8577    0.8185    0.5922    0.0188   0.01091   0.01911
   789/999     5.06G   0.01654  0.006924  0.002831  0.005186   0.03149        43       416    0.6151    0.8574    0.8217    0.5872   0.01884   0.01083   0.01937
   790/999     5.06G   0.01645  0.007445  0.002736  0.005157   0.03178        59       416    0.6105    0.8578     0.822    0.5851   0.01888   0.01078   0.01964
   791/999     5.06G    0.0164  0.007174  0.002447  0.005212   0.03123        54       416    0.6101     0.854    0.8243    0.5894   0.01881   0.01067    0.0193
   792/999     5.06G   0.01609  0.007208  0.003084  0.005485   0.03187        53       416    0.6186    0.8604    0.8269    0.5921   0.01875   0.01063   0.01866
   793/999     5.06G   0.01633  0.007491  0.002613   0.00531   0.03174        59       416    0.6194    0.8593    0.8242    0.5906   0.01876   0.01064   0.01836
   794/999     5.06G   0.01654   0.00706  0.002422  0.005255   0.03127        44       416    0.6186     0.857    0.8225    0.5899   0.01888    0.0107   0.01833
   795/999     5.06G    0.0172  0.007452  0.002835  0.005422   0.03291        50       416    0.6253    0.8601    0.8241    0.5932   0.01887   0.01074   0.01843
   796/999     5.06G   0.01834  0.007518  0.002572   0.00525   0.03368        60       416    0.6254    0.8584    0.8231    0.5927    0.0189   0.01079   0.01853
   797/999     5.06G   0.01704  0.007514  0.002704  0.005113   0.03237        54       416    0.6269    0.8544    0.8221    0.5926   0.01897   0.01085   0.01862
   798/999     5.06G   0.01625  0.007155  0.002669  0.005073   0.03115        45       416    0.6271    0.8486    0.8181    0.5908   0.01902   0.01088   0.01857
   799/999     5.06G   0.01584  0.007197  0.002683  0.005044   0.03077        52       416    0.6306     0.846    0.8153    0.5886   0.01907   0.01096   0.01847
   800/999     5.06G   0.01668  0.007344  0.002732  0.005001   0.03176        45       416    0.6264    0.8423    0.8121    0.5825   0.01923   0.01102   0.01852
   801/999     5.06G   0.01714  0.007214  0.002454  0.005042   0.03185        54       416     0.614    0.8426    0.8142    0.5827   0.01926   0.01106   0.01862
   802/999     5.06G   0.01758  0.007203  0.002949  0.005244   0.03298        47       416    0.6087    0.8433    0.8134    0.5816   0.01911   0.01104   0.01854
   803/999     5.06G   0.01578  0.007161  0.002724  0.005235    0.0309        56       416    0.6046     0.846    0.8147    0.5855     0.019   0.01095   0.01831
   804/999     5.06G   0.01659  0.007145  0.002893  0.005164   0.03179        52       416    0.6049    0.8481    0.8149    0.5818   0.01881   0.01092   0.01815
   805/999     5.06G   0.01635  0.007477  0.002632   0.00529   0.03175        44       416     0.608    0.8478    0.8158    0.5901   0.01877   0.01093   0.01817
   806/999     5.06G   0.01732  0.006731  0.003325  0.005234   0.03261        50       416    0.6078    0.8487    0.8142    0.5858   0.01893    0.0109   0.01811
   807/999     5.06G   0.01661  0.007169  0.002688   0.00519   0.03166        42       416    0.6057     0.851    0.8139    0.5785   0.01909   0.01084     0.018
   808/999     5.06G   0.01558  0.007376  0.002747  0.005205   0.03091        50       416    0.6065    0.8533    0.8139    0.5754   0.01915   0.01079   0.01788
   809/999     5.06G   0.01661  0.007549  0.002496  0.005294   0.03195        59       416    0.6109    0.8528    0.8127    0.5767   0.01906   0.01073   0.01775
   810/999     5.06G   0.01608  0.007003  0.002357  0.005089   0.03053        45       416     0.616    0.8553    0.8125    0.5803   0.01884   0.01063   0.01789
   811/999     5.06G   0.01659  0.007649  0.002715  0.005201   0.03216        59       416    0.6203    0.8583    0.8159     0.588   0.01866   0.01057   0.01822
   812/999     5.06G    0.0158  0.006963  0.002606  0.005155   0.03053        41       416    0.6224    0.8521    0.8156    0.5893   0.01879   0.01062   0.01864
   813/999     5.06G   0.01651  0.007305  0.002686  0.005159   0.03166        47       416    0.6308    0.8556    0.8201    0.5916   0.01884   0.01066   0.01898
   814/999     5.06G   0.01637  0.007139   0.00247  0.005244   0.03123        59       416    0.6268     0.854    0.8179    0.5877   0.01883   0.01066   0.01913
   815/999     5.06G   0.01616  0.007183  0.002477  0.005176     0.031        57       416    0.6308    0.8526    0.8178    0.5886   0.01872   0.01064   0.01909
   816/999     5.06G   0.01585  0.006994  0.002529  0.005159   0.03053        44       416    0.6326    0.8541    0.8202    0.5878   0.01863   0.01063   0.01903
   817/999     5.06G   0.01676  0.007061   0.00261  0.005456   0.03189        52       416    0.6294    0.8597    0.8165    0.5861   0.01864   0.01065     0.019
   818/999     5.06G    0.0163  0.006995  0.002619  0.005352   0.03126        43       416    0.6266    0.8595    0.8172    0.5881   0.01856   0.01062   0.01908
   819/999     5.06G   0.01634  0.007372  0.002339  0.005021   0.03107        57       416    0.6182    0.8572    0.8185    0.5928   0.01848   0.01055   0.01915
   820/999     5.06G   0.01666  0.007459  0.002433  0.005156   0.03171        53       416    0.6135    0.8532    0.8159     0.588   0.01844   0.01053   0.01914
   821/999     5.06G   0.01658  0.007282  0.002554  0.005211   0.03163        67       416    0.6142    0.8531    0.8164    0.5889   0.01854   0.01057   0.01908
   822/999     5.06G   0.01596  0.007426  0.002777  0.005142   0.03131        71       416     0.612    0.8526    0.8189    0.5868   0.01873   0.01062   0.01883
   823/999     5.06G   0.01581  0.007165  0.002658  0.005237   0.03087        54       416      0.61    0.8543    0.8187    0.5811   0.01872   0.01061   0.01843
   824/999     5.06G   0.01761  0.007114  0.002493  0.005299   0.03252        56       416    0.6143    0.8569    0.8132    0.5804   0.01876   0.01065    0.0183
   825/999     5.06G   0.01701  0.007266  0.002459  0.005442   0.03218        55       416    0.6163    0.8581     0.813    0.5832   0.01877    0.0107   0.01833
   826/999     5.06G   0.01611  0.007261  0.002655  0.005187   0.03122        54       416    0.6166    0.8578    0.8121    0.5789   0.01874   0.01074   0.01853
   827/999     5.06G   0.01602  0.007149  0.002705  0.005192   0.03106        48       416    0.6107    0.8562    0.8155    0.5781   0.01871   0.01079   0.01866
   828/999     5.06G   0.01742  0.007321  0.002644  0.005005   0.03239        48       416    0.6144    0.8548     0.814    0.5783    0.0187   0.01085   0.01875
   829/999     5.06G   0.01674  0.007147  0.002487  0.005243   0.03162        58       416    0.6157    0.8499    0.8122    0.5773   0.01867   0.01087   0.01885
   830/999     5.06G   0.01584  0.007453  0.002851  0.005324   0.03147        47       416    0.6142    0.8503    0.8124    0.5793   0.01861    0.0108   0.01886
   831/999     5.06G   0.01607  0.007056  0.002857  0.005408   0.03139        61       416    0.6105    0.8505    0.8106    0.5753   0.01862   0.01075   0.01876
   832/999     5.06G   0.01552  0.007128  0.002417  0.005059   0.03012        50       416    0.6073     0.852    0.8122    0.5802   0.01868   0.01075   0.01871
   833/999     5.06G   0.01579  0.007113  0.002639  0.005117   0.03065        56       416    0.6001    0.8549    0.8134    0.5777   0.01875   0.01075   0.01858
   834/999     5.06G   0.01524  0.006762  0.002344  0.004917   0.02926        42       416    0.6061    0.8595    0.8153    0.5809   0.01877   0.01075   0.01841
   835/999     5.06G   0.01558  0.007367  0.002256  0.005176   0.03038        72       416    0.6067    0.8582    0.8165    0.5865   0.01868   0.01071   0.01835
   836/999     5.06G   0.01635  0.007435  0.002496  0.004988   0.03127        57       416    0.6091    0.8573    0.8158    0.5893   0.01858   0.01069   0.01841
   837/999     5.06G   0.01594  0.007159  0.002343  0.005343   0.03079        61       416    0.6117    0.8556    0.8179    0.5858   0.01858   0.01072   0.01852
   838/999     5.06G   0.01583  0.006929  0.002567  0.005279    0.0306        50       416    0.6125    0.8563    0.8175    0.5864    0.0186   0.01074    0.0186
   839/999     5.06G    0.0153  0.006857  0.002556  0.005113   0.02983        54       416    0.6139    0.8552    0.8174    0.5861   0.01864   0.01075   0.01861
   840/999     5.06G    0.0153  0.006601  0.002321  0.005054   0.02928        46       416    0.6192    0.8597    0.8197    0.5922   0.01865   0.01075   0.01861
   841/999     5.06G   0.01624  0.007121  0.002166  0.005041   0.03056        53       416    0.6189    0.8567    0.8209    0.5955   0.01863   0.01072    0.0187
   842/999     5.06G   0.01651  0.006981  0.002297  0.005058   0.03084        57       416     0.623    0.8618    0.8255    0.6003   0.01856   0.01068   0.01866
   843/999     5.06G   0.01584  0.007262  0.002424  0.005188   0.03071        48       416     0.625    0.8622    0.8266    0.5994   0.01862   0.01065   0.01851
   844/999     5.06G   0.01596  0.007125  0.002468  0.005092   0.03064        62       416    0.6226    0.8602    0.8255    0.5946   0.01866   0.01065   0.01833
   845/999     5.06G   0.01641  0.007346   0.00248  0.004921   0.03116        63       416    0.6192    0.8572    0.8232    0.5951    0.0187   0.01069   0.01823
   846/999     5.06G   0.01554   0.00689  0.002219  0.005124   0.02977        46       416    0.6173    0.8539    0.8204     0.592   0.01871   0.01072   0.01826
   847/999     5.06G    0.0153  0.007178  0.002275  0.004967   0.02972        53       416    0.6147    0.8544    0.8204    0.5877   0.01873   0.01077   0.01844
   848/999     5.06G   0.01562  0.007038  0.002284  0.005138   0.03008        56       416     0.617    0.8549    0.8186    0.5883   0.01869   0.01081   0.01862
   849/999     5.06G   0.01567  0.007355   0.00229  0.005248   0.03057        48       416    0.6166    0.8544     0.814    0.5823   0.01868   0.01086   0.01871
   850/999     5.06G   0.01602  0.007156  0.002117  0.004999   0.03029        60       416    0.6093    0.8556    0.8137     0.584   0.01865   0.01088    0.0188
   851/999     5.06G   0.01666  0.007314  0.002391  0.005222   0.03159        60       416    0.6151    0.8532    0.8134     0.582   0.01862   0.01091   0.01898
   852/999     5.06G   0.01578  0.007013  0.002283  0.005167   0.03024        54       416    0.6171    0.8537    0.8142    0.5826   0.01865   0.01093   0.01901
   853/999     5.06G   0.01551  0.006602  0.002402  0.005071   0.02959        43       416    0.6143    0.8508    0.8125    0.5843   0.01863   0.01092   0.01896
   854/999     5.06G   0.01619  0.006874  0.002538  0.005076   0.03068        57       416    0.6114    0.8538    0.8181    0.5863   0.01868   0.01091   0.01901
   855/999     5.06G   0.01638  0.006966  0.002381  0.005101   0.03082        46       416    0.6155    0.8546    0.8172    0.5873   0.01879   0.01093   0.01904
   856/999     5.06G   0.01669  0.007248  0.002414  0.004849    0.0312        59       416    0.6212    0.8555    0.8165    0.5847   0.01874   0.01094   0.01885
   857/999     5.06G   0.01585  0.007056   0.00272  0.005045   0.03067        53       416    0.6319    0.8573    0.8179    0.5866   0.01864   0.01095   0.01864
   858/999     5.06G   0.01637  0.007435  0.002629  0.005113   0.03154        66       416    0.6346    0.8566    0.8177    0.5902   0.01866   0.01095   0.01862
   859/999     5.06G   0.01586  0.007086   0.00238  0.004876    0.0302        62       416    0.6273    0.8587    0.8174    0.5858   0.01869   0.01094   0.01856
   860/999     5.06G   0.01659  0.007011  0.002443  0.004994   0.03104        43       416    0.6302     0.854     0.816    0.5904   0.01875   0.01096   0.01843
   861/999     5.06G   0.01601  0.007028  0.002195  0.004956   0.03019        50       416    0.6343    0.8575    0.8153    0.5888   0.01871   0.01097   0.01838
   862/999     5.06G    0.0164  0.006966  0.002285  0.005065   0.03072        59       416     0.628    0.8555    0.8148     0.585   0.01873   0.01097   0.01836
   863/999     5.06G   0.01563  0.007212  0.002771  0.005178   0.03079        69       416    0.6274    0.8543    0.8155    0.5904   0.01872   0.01098   0.01834
   864/999     5.06G   0.01527  0.006946   0.00235  0.005021   0.02959        49       416    0.6357    0.8528    0.8175    0.5951   0.01872   0.01095   0.01832
   865/999     5.06G    0.0151  0.006966  0.002242   0.00496   0.02927        47       416    0.6398    0.8529    0.8196    0.5934   0.01869    0.0109   0.01835
   866/999     5.06G   0.01495   0.00637   0.00237  0.004972   0.02866        40       416    0.6373    0.8526      0.82    0.5936   0.01869   0.01087   0.01844
   867/999     5.06G   0.01555  0.007092  0.002502  0.005066   0.03021        55       416    0.6341    0.8535    0.8211    0.5922   0.01876   0.01084   0.01857
   868/999     5.06G   0.01588  0.006883  0.002564  0.005104   0.03043        58       416    0.6347    0.8551    0.8198    0.5889   0.01887   0.01085   0.01867
   869/999     5.06G   0.01543  0.007107  0.002223  0.004971   0.02973        59       416    0.6348     0.855    0.8211     0.589   0.01896   0.01086   0.01877
   870/999     5.06G   0.01518  0.006802  0.002085  0.004772   0.02883        52       416    0.6389    0.8558    0.8236    0.5902   0.01896   0.01086    0.0188
   871/999     5.06G   0.01621  0.007126  0.002424  0.005029   0.03079        51       416     0.631    0.8536    0.8205    0.5901   0.01893   0.01086   0.01876
   872/999     5.06G   0.01505  0.006892  0.002504  0.004989   0.02943        57       416    0.6287    0.8585    0.8193    0.5901   0.01888   0.01084   0.01873
   873/999     5.06G   0.01524  0.006979  0.002321  0.004893   0.02943        59       416    0.6282    0.8589    0.8207    0.5868   0.01884   0.01084   0.01858
   874/999     5.06G    0.0163  0.006888  0.002207  0.004854   0.03025        48       416    0.6307    0.8575    0.8201    0.5853   0.01883   0.01083   0.01839
   875/999     5.06G   0.01595   0.00678   0.00257  0.005186   0.03049        44       416    0.6374    0.8627    0.8229    0.5874   0.01886   0.01079    0.0183
   876/999     5.06G   0.01528  0.007089   0.00254  0.004877   0.02978        60       416    0.6415    0.8622    0.8249     0.595   0.01881   0.01071   0.01832
   877/999     5.06G     0.016   0.00698   0.00229  0.004963   0.03023        43       416    0.6399    0.8636    0.8265     0.592   0.01877   0.01067   0.01835
   878/999     5.06G   0.01621  0.006585  0.002402  0.004922   0.03012        53       416    0.6409    0.8632    0.8276    0.5966    0.0188   0.01068   0.01837
   879/999     5.06G   0.01612  0.006707  0.002196  0.005126   0.03015        44       416    0.6338    0.8615    0.8259    0.5972   0.01881   0.01067   0.01832
   880/999     5.06G    0.0156  0.007101  0.002338  0.005115   0.03015        51       416    0.6307    0.8618    0.8253    0.5875    0.0188   0.01066   0.01825
   881/999     5.06G   0.01574  0.007069  0.002344   0.00506   0.03021        42       416    0.6301     0.863    0.8245    0.5877    0.0188   0.01063   0.01819
   882/999     5.06G   0.01533  0.006633  0.002157  0.004841   0.02896        42       416    0.6339    0.8642     0.823    0.5944   0.01873   0.01061   0.01814
   883/999     5.06G   0.01548  0.006409  0.002236   0.00479   0.02892        44       416    0.6309    0.8639    0.8234    0.5927   0.01871   0.01062   0.01815
   884/999     5.06G   0.01503  0.007061  0.002053  0.004921   0.02906        60       416    0.6295    0.8604    0.8221    0.5896   0.01868   0.01064   0.01819
   885/999     5.06G   0.01468  0.006649  0.002339  0.004742   0.02841        52       416    0.6264    0.8592    0.8212      0.59   0.01861   0.01066   0.01825
   886/999     5.06G    0.0156  0.006987  0.002298  0.005129   0.03001        53       416    0.6139    0.8557    0.8201    0.5858   0.01863   0.01069   0.01825
   887/999     5.06G   0.01551  0.006949  0.001964  0.004862   0.02929        55       416    0.6139    0.8551    0.8179    0.5819   0.01869   0.01073   0.01818
   888/999     5.06G   0.01533  0.007116  0.002053  0.004703    0.0292        51       416    0.6203     0.859    0.8205    0.5862   0.01869   0.01071   0.01821
   889/999     5.06G   0.01565  0.006994  0.002321   0.00519   0.03016        43       416    0.6227    0.8614    0.8204    0.5868   0.01867    0.0107   0.01821
   890/999     5.06G   0.01633  0.006988  0.002424  0.004963    0.0307        73       416    0.6224    0.8618    0.8219     0.586    0.0186   0.01069   0.01814
   891/999     5.06G   0.01469  0.006768  0.002095  0.004793   0.02835        56       416     0.627    0.8625    0.8228    0.5904   0.01862   0.01068   0.01804
   892/999     5.06G   0.01509  0.006707  0.002109  0.004749   0.02866        51       416    0.6319    0.8619    0.8233    0.5894   0.01869    0.0107   0.01794
   893/999     5.06G   0.01544  0.006884  0.002375  0.004852   0.02955        49       416    0.6348    0.8567    0.8239    0.5884   0.01872   0.01072   0.01792
   894/999     5.06G   0.01559    0.0069  0.001988  0.004627    0.0291        49       416    0.6397     0.859    0.8249    0.5885   0.01871   0.01076   0.01804
   895/999     5.06G   0.01505  0.006834  0.002314  0.004788   0.02899        58       416    0.6433    0.8599    0.8241    0.5925   0.01872   0.01079   0.01815
   896/999     5.06G   0.01514  0.006935  0.002366   0.00486    0.0293        57       416    0.6482    0.8607    0.8242     0.593    0.0187   0.01083   0.01821
   897/999     5.06G   0.01519  0.007182   0.00218  0.004914   0.02947        58       416    0.6477    0.8599    0.8236    0.5932    0.0187   0.01079   0.01827
   898/999     5.06G    0.0157  0.006773  0.001987  0.004777   0.02924        48       416    0.6414    0.8582     0.821     0.592   0.01864   0.01074   0.01829
   899/999     5.06G   0.01566  0.006848  0.002142  0.005029   0.02968        38       416    0.6379    0.8563     0.821    0.5902   0.01863   0.01072   0.01833
   900/999     5.06G   0.01599  0.006848  0.002449  0.005064   0.03035        40       416    0.6346    0.8573    0.8184    0.5901   0.01855   0.01069   0.01838
   901/999     5.06G   0.01539  0.006855  0.002279  0.004807   0.02933        46       416    0.6302    0.8545    0.8179    0.5912   0.01847   0.01068   0.01837
   902/999     5.06G   0.01484  0.006779   0.00233  0.004902   0.02885        52       416    0.6285    0.8545     0.818    0.5896   0.01842    0.0107   0.01834
   903/999     5.06G   0.01537  0.006633   0.00221  0.004912   0.02912        39       416    0.6309    0.8549    0.8191    0.5908   0.01843   0.01073   0.01828
   904/999     5.06G   0.01505  0.006951  0.002289  0.004786   0.02907        58       416    0.6276     0.854    0.8234     0.588   0.01847   0.01074   0.01828
   905/999     5.06G   0.01515   0.00702  0.002123  0.005016   0.02931        57       416    0.6221    0.8567    0.8238    0.5878   0.01849   0.01075   0.01829
   906/999     5.06G   0.01575  0.007117  0.002432  0.004883   0.03018        66       416    0.6136    0.8578    0.8235    0.5896   0.01853   0.01077   0.01831
   907/999     5.06G   0.01563  0.006876  0.002491  0.004867   0.02987        55       416    0.6141    0.8547    0.8223    0.5878   0.01851   0.01076   0.01835
   908/999     5.06G   0.01476  0.006803  0.002367  0.004785   0.02871        55       416     0.613    0.8522    0.8222    0.5868   0.01846   0.01073   0.01831
   909/999     5.06G   0.01522  0.007095  0.002336  0.004867   0.02952        62       416    0.6169    0.8524    0.8231    0.5884   0.01844   0.01072   0.01827
   910/999     5.06G   0.01522  0.007098  0.002256  0.004927    0.0295        49       416    0.6195    0.8505    0.8237    0.5907   0.01844   0.01071   0.01824
   911/999     5.06G   0.01496  0.006586  0.002072  0.005075   0.02869        48       416    0.6243    0.8484    0.8224    0.5887    0.0184   0.01071   0.01828
   912/999     5.06G   0.01497  0.006782  0.001983  0.004777   0.02851        51       416     0.625    0.8473    0.8199    0.5904   0.01839   0.01075   0.01833
   913/999     5.06G     0.015  0.006988  0.002254  0.005036   0.02928        56       416     0.624    0.8454    0.8199     0.592   0.01839   0.01078    0.0184
   914/999     5.06G   0.01484  0.006928  0.002202  0.004669   0.02863        56       416    0.6237    0.8471    0.8207     0.593    0.0184    0.0108   0.01849
   915/999     5.06G   0.01541  0.006715  0.002201   0.00483   0.02915        52       416    0.6247    0.8504    0.8194    0.5894   0.01835   0.01079   0.01858
   916/999     5.06G   0.01505  0.006674  0.002333  0.005032   0.02909        52       416    0.6263    0.8505     0.821    0.5906   0.01838   0.01079   0.01864
   917/999     5.06G   0.01507  0.007082  0.002305  0.004852   0.02931        54       416    0.6268    0.8517    0.8193    0.5888   0.01841   0.01078   0.01868
   918/999     5.06G   0.01544  0.006709  0.002189  0.004642   0.02898        53       416    0.6295    0.8524    0.8191    0.5907   0.01842   0.01077   0.01864
   919/999     5.06G   0.01598  0.007029  0.002695  0.005026   0.03073        40       416    0.6275    0.8518    0.8166    0.5864   0.01839   0.01074   0.01864
   920/999     5.06G   0.01533  0.007228  0.002163   0.00475   0.02947        71       416    0.6262      0.85    0.8158    0.5886    0.0184   0.01071   0.01859
   921/999     5.06G   0.01457  0.006815  0.002267  0.004893   0.02854        50       416    0.6371    0.8537    0.8171    0.5926   0.01841   0.01067   0.01859
   922/999     5.06G   0.01522  0.007106  0.002228  0.004732   0.02928        52       416    0.6406    0.8583    0.8179    0.5911   0.01842   0.01062   0.01868
   923/999     5.06G   0.01453  0.006661  0.002235  0.004842   0.02826        45       416    0.6393    0.8605    0.8189    0.5929   0.01845    0.0106   0.01878
   924/999     5.06G   0.01566  0.007017  0.002095  0.004891   0.02966        51       416    0.6372    0.8605    0.8191    0.5888   0.01843   0.01059   0.01867
   925/999     5.06G    0.0159  0.006935  0.002194  0.005013   0.03004        71       416    0.6361    0.8594    0.8188    0.5895   0.01836   0.01059   0.01848
   926/999     5.06G    0.0155   0.00705  0.002169  0.004951   0.02967        48       416    0.6354    0.8603    0.8187    0.5877   0.01837   0.01058    0.0184
   927/999     5.06G   0.01492  0.006558  0.002367  0.004871   0.02871        51       416    0.6276    0.8603    0.8197    0.5879   0.01839   0.01059   0.01832
   928/999     5.06G   0.01509  0.006762  0.002304  0.004808   0.02896        41       416    0.6255    0.8599    0.8185    0.5845   0.01841    0.0106   0.01824
   929/999     5.06G   0.01575  0.007229  0.002137  0.005021   0.03013        60       416    0.6258      0.86     0.822     0.583   0.01839    0.0106   0.01824
   930/999     5.06G   0.01471  0.007001  0.002246  0.004556   0.02852        59       416    0.6366      0.86    0.8199    0.5794   0.01832   0.01057   0.01826
   931/999     5.06G    0.0154  0.007104  0.002263  0.004918   0.02968        53       416    0.6346    0.8538    0.8192    0.5809    0.0183   0.01055    0.0182
   932/999     5.06G   0.01543  0.006803   0.00233  0.004874   0.02944        54       416    0.6375    0.8552    0.8198    0.5824   0.01833   0.01058   0.01804
   933/999     5.06G   0.01578  0.006961  0.002322  0.005138    0.0302        49       416    0.6387    0.8556     0.819    0.5832   0.01833   0.01057    0.0179
   934/999     5.06G   0.01505  0.006701  0.002124  0.004729   0.02861        50       416    0.6384    0.8592    0.8218     0.585   0.01833   0.01055   0.01781
   935/999     5.06G   0.01579  0.006981  0.002467  0.004807   0.03005        46       416    0.6384    0.8602    0.8233     0.588   0.01836   0.01053   0.01787
   936/999     5.06G   0.01497  0.007094   0.00224  0.004695     0.029        55       416    0.6445     0.862    0.8249    0.5898   0.01837   0.01052   0.01795
   937/999     5.06G   0.01462  0.006903  0.002077  0.004748   0.02834        46       416    0.6434    0.8599    0.8249    0.5905   0.01839   0.01053   0.01801
   938/999     5.06G   0.01468  0.006636  0.002119  0.004634   0.02806        55       416    0.6463    0.8591    0.8235    0.5896   0.01839   0.01055   0.01805
   939/999     5.06G   0.01505  0.006784  0.002066  0.004887   0.02879        62       416    0.6459    0.8601    0.8273    0.5947   0.01836   0.01056   0.01805
   940/999     5.06G    0.0153  0.006765  0.002366  0.005109   0.02954        53       416    0.6372    0.8571    0.8273    0.5931   0.01835   0.01058   0.01802
   941/999     5.06G   0.01505  0.006751  0.002043  0.004899   0.02874        48       416    0.6404    0.8565    0.8262    0.5922   0.01832   0.01058   0.01797
   942/999     5.06G   0.01514  0.007001  0.002196  0.004762    0.0291        56       416    0.6338    0.8582    0.8264    0.5906   0.01834   0.01057   0.01791
   943/999     5.06G   0.01507  0.006868  0.002074  0.004687    0.0287        61       416    0.6312    0.8596     0.828    0.5927   0.01833   0.01056    0.0179
   944/999     5.06G   0.01574  0.006813  0.002035  0.004893   0.02948        44       416    0.6309    0.8608    0.8283    0.5918    0.0183   0.01055   0.01789
   945/999     5.06G   0.01515  0.006713  0.002076  0.004669   0.02861        61       416    0.6323    0.8647     0.828    0.5938   0.01829   0.01054   0.01791
   946/999     5.06G    0.0151  0.006587  0.002294  0.004701   0.02868        49       416    0.6289    0.8647    0.8277    0.5945   0.01825   0.01053   0.01798
   947/999     5.06G   0.01594  0.007059  0.002417  0.005029   0.03044        45       416    0.6304    0.8654    0.8263     0.593   0.01829   0.01052   0.01806
   948/999     5.06G   0.01565  0.006514  0.002161  0.004854   0.02918        49       416    0.6316    0.8659    0.8271    0.5937   0.01833   0.01052   0.01812
   949/999     5.06G    0.0151  0.007126  0.002032  0.004914   0.02917        74       416    0.6319    0.8691    0.8277    0.5948   0.01838   0.01053    0.0182
   950/999     5.06G   0.01509  0.006399  0.002383  0.004742   0.02861        46       416    0.6314    0.8666    0.8271    0.5884   0.01844   0.01056   0.01829
   951/999     5.06G   0.01488    0.0071   0.00253  0.004707   0.02922        52       416    0.6324    0.8655    0.8269    0.5891    0.0185   0.01059   0.01823
   952/999     5.06G   0.01501  0.006757  0.002256  0.004946   0.02897        52       416    0.6404    0.8646    0.8241    0.5879   0.01857    0.0106   0.01814
   953/999     5.06G   0.01501  0.006804  0.002076  0.004982   0.02887        41       416    0.6392    0.8649    0.8248    0.5901   0.01855   0.01057   0.01818
   954/999     5.06G   0.01644  0.006933  0.002127  0.004727   0.03023        47       416    0.6377     0.864    0.8253    0.5907   0.01856   0.01055   0.01821
   955/999     5.06G   0.01469  0.006866  0.002399  0.004879   0.02883        55       416    0.6375    0.8642    0.8254    0.5906   0.01853   0.01054   0.01821
   956/999     5.06G   0.01491  0.006829  0.002083  0.004884   0.02871        49       416    0.6386    0.8649    0.8245    0.5909   0.01846   0.01053   0.01818
   957/999     5.06G   0.01446  0.006657  0.002117   0.00461   0.02784        52       416    0.6401    0.8618    0.8234    0.5923   0.01839   0.01052   0.01815
   958/999     5.06G    0.0152  0.006946  0.002321  0.004667   0.02913        48       416    0.6421    0.8614     0.823    0.5923    0.0184   0.01054   0.01814
   959/999     5.06G   0.01525    0.0068  0.002048  0.004668   0.02877        62       416     0.642     0.858     0.821    0.5913   0.01839   0.01056   0.01813
   960/999     5.06G   0.01509  0.006785  0.002093  0.004878   0.02884        50       416    0.6464    0.8583      0.82    0.5902   0.01837    0.0106   0.01814
   961/999     5.06G   0.01536  0.006912  0.002158  0.004922   0.02935        61       416    0.6408    0.8584    0.8197    0.5866   0.01835   0.01062   0.01816
   962/999     5.06G   0.01465  0.006825  0.002103   0.00479   0.02837        65       416    0.6456    0.8582    0.8203    0.5875    0.0183   0.01063   0.01822
   963/999     5.06G   0.01479  0.006755  0.002065  0.004842   0.02845        41       416    0.6364    0.8555    0.8198    0.5883    0.0183   0.01066   0.01829
   964/999     5.06G   0.01484  0.006768   0.00196  0.004689   0.02825        40       416    0.6363    0.8555    0.8189    0.5901   0.01835   0.01071    0.0183
   965/999     5.06G   0.01546  0.007369  0.002023  0.005116   0.02997        65       416    0.6322    0.8544     0.819    0.5886   0.01844   0.01074   0.01837
   966/999     5.06G    0.0148  0.006817  0.001941  0.004707   0.02826        44       416    0.6308    0.8537    0.8173    0.5857   0.01847   0.01076   0.01848
   967/999     5.06G   0.01459   0.00706  0.002121  0.004817   0.02859        57       416    0.6315    0.8567    0.8183    0.5878    0.0185   0.01077    0.0185
   968/999     5.06G   0.01524  0.006691  0.002113  0.004754    0.0288        57       416    0.6302    0.8558    0.8182     0.587    0.0185   0.01077   0.01848
   969/999     5.06G   0.01557  0.007245  0.002162  0.004806   0.02978        72       416    0.6289    0.8549    0.8193    0.5902    0.0185   0.01075   0.01845
   970/999     5.06G   0.01489  0.007097  0.001837  0.004735   0.02856        53       416    0.6303    0.8551    0.8191    0.5909   0.01845   0.01071   0.01848
   971/999     5.06G   0.01513  0.006987  0.001994   0.00479    0.0289        48       416    0.6389    0.8582    0.8194    0.5872   0.01843   0.01068   0.01844
   972/999     5.06G   0.01482  0.007202   0.00207  0.004835   0.02892        62       416    0.6413    0.8623    0.8206    0.5867   0.01845   0.01065   0.01835
   973/999     5.06G   0.01544  0.006937  0.002178  0.004568   0.02912        65       416    0.6398    0.8606    0.8211    0.5877   0.01845   0.01064   0.01827
   974/999     5.06G   0.01522  0.006979  0.002213  0.004806   0.02921        46       416    0.6334    0.8603    0.8219    0.5877   0.01845   0.01061   0.01821
   975/999     5.06G   0.01432  0.006936   0.00211  0.004647   0.02802        58       416    0.6294    0.8597     0.821    0.5864   0.01848    0.0106   0.01815
   976/999     5.06G   0.01505  0.007009  0.002114  0.004867   0.02904        52       416    0.6289    0.8596    0.8205    0.5838   0.01857   0.01061   0.01814
   977/999     5.06G   0.01539  0.006691  0.002211  0.004656   0.02895        47       416    0.6277    0.8575    0.8183    0.5845   0.01862   0.01065   0.01817
   978/999     5.06G   0.01516  0.007158  0.001976  0.004699   0.02899        67       416     0.627    0.8602    0.8182    0.5783    0.0187   0.01067   0.01819
   979/999     5.06G   0.01481  0.006699  0.002016  0.004807   0.02833        56       416    0.6327    0.8613    0.8168    0.5793   0.01876   0.01067   0.01825
   980/999     5.06G   0.01508  0.006893    0.0022  0.004813   0.02899        53       416    0.6351    0.8601    0.8177    0.5842   0.01878    0.0107    0.0183
   981/999     5.06G   0.01419  0.006673  0.002132  0.004774   0.02777        43       416    0.6353    0.8607    0.8179    0.5857   0.01876    0.0107   0.01824
   982/999     5.06G   0.01426  0.006748  0.001852  0.004683   0.02755        62       416    0.6339    0.8601    0.8179    0.5908   0.01873   0.01072   0.01822
   983/999     5.06G   0.01544  0.007014   0.00223  0.004703   0.02939        62       416    0.6312    0.8612     0.819     0.583   0.01867   0.01069   0.01821
   984/999     5.06G   0.01574  0.007395  0.002184  0.004865   0.03018        71       416    0.6275    0.8623    0.8192    0.5824   0.01858   0.01065   0.01818
   985/999     5.06G   0.01511  0.006511  0.002396  0.004632   0.02865        49       416    0.6244    0.8629    0.8187    0.5839   0.01848   0.01063   0.01817
   986/999     5.06G   0.01502  0.007233  0.002145  0.004727   0.02912        60       416    0.6256    0.8605     0.818    0.5813   0.01839   0.01061   0.01818
   987/999     5.06G   0.01469  0.006344  0.002202  0.004792   0.02803        52       416    0.6225    0.8554    0.8159    0.5821    0.0184   0.01063   0.01823
   988/999     5.06G   0.01497  0.007146  0.002029  0.004702   0.02884        56       416     0.626    0.8536    0.8151    0.5836   0.01837   0.01066    0.0183
   989/999     5.06G   0.01468  0.007195  0.002143  0.004793   0.02881        53       416    0.6291    0.8506    0.8161    0.5847   0.01842   0.01069   0.01832
   990/999     5.06G   0.01409  0.006469  0.001889  0.004546     0.027        49       416    0.6337    0.8461    0.8125    0.5827   0.01844   0.01071   0.01836
   991/999     5.06G   0.01466   0.00639  0.002125  0.004676   0.02785        42       416    0.6356    0.8495    0.8129    0.5813   0.01842    0.0107   0.01842
   992/999     5.06G   0.01491  0.007088  0.002133  0.004706   0.02884        68       416    0.6384    0.8539    0.8142     0.582   0.01837   0.01069   0.01851
   993/999     5.06G   0.01585  0.007092  0.002362  0.004793    0.0301        55       416    0.6406    0.8578    0.8166    0.5835   0.01831   0.01066   0.01854
   994/999     5.06G   0.01466  0.006462  0.002081  0.004506    0.0277        43       416    0.6405    0.8568    0.8165     0.585   0.01827   0.01064   0.01857
   995/999     5.06G    0.0147  0.006729  0.001953  0.004706   0.02809        48       416    0.6506    0.8605     0.818    0.5848   0.01831   0.01066   0.01861
   996/999     5.06G   0.01552  0.006638  0.002003  0.004992   0.02916        41       416    0.6496    0.8582    0.8193    0.5841   0.01834   0.01069    0.0186
   997/999     5.06G   0.01464  0.006404  0.002159  0.004881   0.02808        41       416    0.6513    0.8605    0.8187    0.5852   0.01837   0.01071   0.01861
   998/999     5.06G   0.01465  0.006891  0.002089  0.004715   0.02834        45       416    0.6502    0.8557    0.8176    0.5844    0.0184   0.01073   0.01858
   999/999     5.06G   0.01557  0.007093  0.002413  0.004835   0.02991        55       416    0.6478     0.856     0.817    0.5853   0.01841   0.01073   0.01848
